// Code generated by bpf2go; DO NOT EDIT.
//go:build mips || mips64 || ppc64 || s390x

package enforcer

import (
	"bytes"
	_ "embed"
	"fmt"
	"io"
	"structs"

	"github.com/cilium/ebpf"
)

type bpfEnforcementConfig struct {
	_            structs.HostLayout
	SelectedOnly uint8
	Padding      [3]uint8
}

type bpfPolicyKey struct {
	_         structs.HostLayout
	Prefixlen uint32
	Meta      uint32
	CgroupId  uint64
	Ip        [4]uint8
	Padding   [4]uint8
}

type bpfPolicyKeyV6 struct {
	_         structs.HostLayout
	Prefixlen uint32
	Meta      uint32
	CgroupId  uint64
	Ip        [16]uint8
}

type bpfPolicyValue struct {
	_       structs.HostLayout
	Action  uint8
	Padding [3]uint8
}

// Names of all BPF objects in the ELF.
//
// Used for safe lookups in a Collection or CollectionSpec.
const (
	bpfMapAttachedCgroup           = "attached_cgroup"
	bpfMapEnforcedCgroups          = "enforced_cgroups"
	bpfMapEnforcementConfigMap     = "enforcement_config_map"
	bpfMapFlowEvents               = "flow_events"
	bpfMapPolicyMap                = "policy_map"
	bpfMapPolicyMapV6              = "policy_map_v6"
	bpfProgFilterEgress            = "filter_egress"
	bpfProgFilterEgressPermissive  = "filter_egress_permissive"
	bpfProgFilterIngress           = "filter_ingress"
	bpfProgFilterIngressPermissive = "filter_ingress_permissive"
)

// loadBpf returns the embedded CollectionSpec for bpf.
func loadBpf() (*ebpf.CollectionSpec, error) {
	reader := bytes.NewReader(_BpfBytes)
	spec, err := ebpf.LoadCollectionSpecFromReader(reader)
	if err != nil {
		return nil, fmt.Errorf("can't load bpf: %w", err)
	}

	return spec, err
}

// loadBpfObjects loads bpf and converts it into a struct.
//
// The following types are suitable as obj argument:
//
//	*bpfObjects
//	*bpfPrograms
//	*bpfMaps
//
// See ebpf.CollectionSpec.LoadAndAssign documentation for details.
func loadBpfObjects(obj any, opts *ebpf.CollectionOptions) error {
	spec, err := loadBpf()
	if err != nil {
		return err
	}

	return spec.LoadAndAssign(obj, opts)
}

// bpfSpecs contains maps and programs before they are loaded into the kernel.
//
// It can be passed ebpf.CollectionSpec.Assign.
type bpfSpecs struct {
	bpfProgramSpecs
	bpfMapSpecs
	bpfVariableSpecs
}

// bpfProgramSpecs contains programs before they are loaded into the kernel.
//
// It can be passed ebpf.CollectionSpec.Assign.
type bpfProgramSpecs struct {
	FilterEgress            *ebpf.ProgramSpec `ebpf:"filter_egress"`
	FilterEgressPermissive  *ebpf.ProgramSpec `ebpf:"filter_egress_permissive"`
	FilterIngress           *ebpf.ProgramSpec `ebpf:"filter_ingress"`
	FilterIngressPermissive *ebpf.ProgramSpec `ebpf:"filter_ingress_permissive"`
}

// bpfMapSpecs contains maps before they are loaded into the kernel.
//
// It can be passed ebpf.CollectionSpec.Assign.
type bpfMapSpecs struct {
	AttachedCgroup       *ebpf.MapSpec `ebpf:"attached_cgroup"`
	EnforcedCgroups      *ebpf.MapSpec `ebpf:"enforced_cgroups"`
	EnforcementConfigMap *ebpf.MapSpec `ebpf:"enforcement_config_map"`
	FlowEvents           *ebpf.MapSpec `ebpf:"flow_events"`
	PolicyMap            *ebpf.MapSpec `ebpf:"policy_map"`
	PolicyMapV6          *ebpf.MapSpec `ebpf:"policy_map_v6"`
}

// bpfVariableSpecs contains global variables before they are loaded into the kernel.
//
// It can be passed ebpf.CollectionSpec.Assign.
type bpfVariableSpecs struct {
}

// bpfObjects contains all objects after they have been loaded into the kernel.
//
// It can be passed to loadBpfObjects or ebpf.CollectionSpec.LoadAndAssign.
type bpfObjects struct {
	bpfPrograms
	bpfMaps
	bpfVariables
}

func (o *bpfObjects) Close() error {
	return _BpfClose(
		&o.bpfPrograms,
		&o.bpfMaps,
	)
}

// bpfMaps contains all maps after they have been loaded into the kernel.
//
// It can be passed to loadBpfObjects or ebpf.CollectionSpec.LoadAndAssign.
type bpfMaps struct {
	AttachedCgroup       *ebpf.Map `ebpf:"attached_cgroup"`
	EnforcedCgroups      *ebpf.Map `ebpf:"enforced_cgroups"`
	EnforcementConfigMap *ebpf.Map `ebpf:"enforcement_config_map"`
	FlowEvents           *ebpf.Map `ebpf:"flow_events"`
	PolicyMap            *ebpf.Map `ebpf:"policy_map"`
	PolicyMapV6          *ebpf.Map `ebpf:"policy_map_v6"`
}

func (m *bpfMaps) Close() error {
	return _BpfClose(
		m.AttachedCgroup,
		m.EnforcedCgroups,
		m.EnforcementConfigMap,
		m.FlowEvents,
		m.PolicyMap,
		m.PolicyMapV6,
	)
}

// bpfVariables contains all global variables after they have been loaded into the kernel.
//
// It can be passed to loadBpfObjects or ebpf.CollectionSpec.LoadAndAssign.
type bpfVariables struct {
}

// bpfPrograms contains all programs after they have been loaded into the kernel.
//
// It can be passed to loadBpfObjects or ebpf.CollectionSpec.LoadAndAssign.
type bpfPrograms struct {
	FilterEgress            *ebpf.Program `ebpf:"filter_egress"`
	FilterEgressPermissive  *ebpf.Program `ebpf:"filter_egress_permissive"`
	FilterIngress           *ebpf.Program `ebpf:"filter_ingress"`
	FilterIngressPermissive *ebpf.Program `ebpf:"filter_ingress_permissive"`
}

func (p *bpfPrograms) Close() error {
	return _BpfClose(
		p.FilterEgress,
		p.FilterEgressPermissive,
		p.FilterIngress,
		p.FilterIngressPermissive,
	)
}

func _BpfClose(closers ...io.Closer) error {
	for _, closer := range closers {
		if err := closer.Close(); err != nil {
			return err
		}
	}
	return nil
}

// Do not access this directly.
//
// _BpfBytes holds the eBPF object inlined by tools/bpfgen so the
// repository contains no binary artifacts; regenerate with
// `go generate ./internal/enforcer/...`.
var _BpfBytes = []byte(
	"\x7f\x45\x4c\x46\x02\x02\x01\x00\x00\x00\x00\x00\x00\x00\x00\x00" +
		"\x00\x01\x00\xf7\x00\x00\x00\x01\x00\x00\x00\x00\x00\x00\x00\x00" +
		"\x00\x00\x00\x00\x00\x00\x00\x00\x00\x00\x00\x00\x00\x00\xb7\x80" +
		"\x00\x00\x00\x00\x00\x40\x00\x00\x00\x00\x00\x40\x00\x22\x00\x01" +
		"\xbf\x61\x00\x00\x00\x00\x00\x00\xb7\x70\x00\x00\x00\x00\x00\x00" +
		"\x63\xa7\xff\xb8\x00\x00\x00\x00\x7b\xa7\xff\xb0\x00\x00\x00\x00" +
		"\x63\xa7\xff\xa8\x00\x00\x00\x00\x7b\xa7\xff\xa0\x00\x00\x00\x00" +
		"\xbf\x3a\x00\x00\x00\x00\x00\x00\x07\x30\x00\x00\xff\xff\xff\xd8" +
		"\xb7\x20\x00\x00\x00\x00\x00\x00\xb7\x40\x00\x00\x00\x00\x00\x14" +
		"\x85\x00\x00\x00\x00\x00\x00\x1a\x6d\x70\x00\xa2\x00\x00\x00\x00" +
		"\x71\x2a\xff\xd8\x00\x00\x00\x00\xbf\x12\x00\x00\x00\x00\x00\x00" +
		"\x57\x10\x00\x00\x00\x00\x00\xf0\x55\x10\x00\x9e\x00\x00\x00\x40" +
		"\x67\x20\x00\x00\x00\x00\x00\x02\x57\x20\x00\x00\x00\x00\x00\xfc" +
		"\x25\x20\x00\x01\x00\x00\x00\x14\xb7\x20\x00\x00\x00\x00\x00\x14" +
		"\x61\x9a\xff\xe8\x00\x00\x00\x00\x61\x1a\xff\xe4\x00\x00\x00\x00" +
		"\x7b\xa1\xff\x88\x00\x00\x00\x00\x71\x8a\xff\xe1\x00\x00\x00\x00" +
		"\x15\x80\x00\x28\x00\x00\x00\x11\xb7\x30\x00\x00\x00\x00\x00\x00" +
		"\xb7\x10\x00\x00\x00\x00\x00\x00\x7b\xa1\xff\x90\x00\x00\x00\x00" +
		"\x55\x80\x00\x0d\x00\x00\x00\x06\x57\x20\x00\x00\x00\x00\x00\xff" +
		"\xbf\x3a\x00\x00\x00\x00\x00\x00\x07\x30\x00\x00\xff\xff\xff\xc0" +
		"\xbf\x16\x00\x00\x00\x00\x00\x00\xb7\x40\x00\x00\x00\x00\x00\x14" +
		"\x85\x00\x00\x00\x00\x00\x00\x1a\xb7\x10\x00\x00\x00\x00\x00\x00" +
		"\x6d\x10\x00\x89\x00\x00\x00\x00\x69\x1a\xff\xc2\x00\x00\x00\x00" +
		"\xd4\x10\x00\x00\x00\x00\x00\x10\x7b\xa1\xff\x90\x00\x00\x00\x00" +
		"\x69\x3a\xff\xc0\x00\x00\x00\x00\xd4\x30\x00\x00\x00\x00\x00\x10" +
		"\x7b\xa3\xff\x80\x00\x00\x00\x00\xb7\x60\x00\x00\x00\x00\x00\x00" +
		"\x63\xa6\xff\x9c\x00\x00\x00\x00\xbf\x2a\x00\x00\x00\x00\x00\x00" +
		"\x07\x20\x00\x00\xff\xff\xff\x9c\x18\x10\x00\x00\x00\x00\x00\x00" +
		"\x00\x00\x00\x00\x00\x00\x00\x00\x85\x00\x00\x00\x00\x00\x00\x01" +
		"\x55\x00\x00\x01\x00\x00\x00\x00\x05\x00\x00\x16\x00\x00\x00\x00" +
		"\x71\x70\x00\x00\x00\x00\x00\x00\x85\x00\x00\x00\x00\x00\x00\x50" +
		"\x7b\xa0\xff\xc0\x00\x00\x00\x00\x15\x70\x00\x14\x00\x00\x00\x00" +
		"\xbf\x2a\x00\x00\x00\x00\x00\x00\x07\x20\x00\x00\xff\xff\xff\xc0" +
		"\x18\x10\x00\x00\x00\x00\x00\x00\x00\x00\x00\x00\x00\x00\x00\x00" +
		"\x85\x00\x00\x00\x00\x00\x00\x01\x15\x00\x00\x54\x00\x00\x00\x00" +
		"\xb7\x60\x00\x00\x00\x00\x00\x01\x79\x0a\xff\xc0\x00\x00\x00\x00" +
		"\x05\x00\x00\x0b\x00\x00\x00\x00\x57\x20\x00\x00\x00\x00\x00\xff" +
		"\xbf\x3a\x00\x00\x00\x00\x00\x00\x07\x30\x00\x00\xff\xff\xff\xc0" +
		"\xbf\x16\x00\x00\x00\x00\x00\x00\xb7\x40\x00\x00\x00\x00\x00\x08" +
		"\x85\x00\x00\x00\x00\x00\x00\x1a\xb7\x10\x00\x00\x00\x00\x00\x00" +
		"\x6d\x10\x00\x65\x00\x00\x00\x00\x05\x00\xff\xdb\x00\x00\x00\x00" +
		"\x85\x00\x00\x00\x00\x00\x00\x50\x7b\xa0\xff\xc0\x00\x00\x00\x00" +
		"\xb7\x10\x00\x00\x00\x00\x00\x00\x63\xa1\xff\xec\x00\x00\x00\x00" +
		"\x7b\xa0\xff\xe0\x00\x00\x00\x00\xb7\x10\x00\x00\x00\x00\x00\x80" +
		"\x63\xa1\xff\xd8\x00\x00\x00\x00\x63\xa9\xff\xe8\x00\x00\x00\x00" +
		"\xbf\x18\x00\x00\x00\x00\x00\x00\x67\x10\x00\x00\x00\x00\x00\x10" +
		"\x79\x2a\xff\x90\x00\x00\x00\x00\x4f\x12\x00\x00\x00\x00\x00\x00" +
		"\x63\xa1\xff\xdc\x00\x00\x00\x00\xbf\x2a\x00\x00\x00\x00\x00\x00" +
		"\x07\x20\x00\x00\xff\xff\xff\xd8\x18\x10\x00\x00\x00\x00\x00\x00" +
		"\x00\x00\x00\x00\x00\x00\x00\x00\x85\x00\x00\x00\x00\x00\x00\x01" +
		"\x55\x60\x00\x08\x00\x00\x00\x00\x55\x00\x00\x07\x00\x00\x00\x00" +
		"\xb7\x10\x00\x00\x00\x00\x00\x00\x7b\xa1\xff\xe0\x00\x00\x00\x00" +
		"\xbf\x2a\x00\x00\x00\x00\x00\x00\x07\x20\x00\x00\xff\xff\xff\xd8" +
		"\x18\x10\x00\x00\x00\x00\x00\x00\x00\x00\x00\x00\x00\x00\x00\x00" +
		"\x85\x00\x00\x00\x00\x00\x00\x01\x15\x00\x00\x28\x00\x00\x00\x00" +
		"\x7b\xa8\xff\x70\x00\x00\x00\x00\x71\x80\x00\x00\x00\x00\x00\x00" +
		"\xb7\x60\x00\x00\x00\x00\x00\x01\x15\x80\x00\x01\x00\x00\x00\x01" +
		"\xb7\x60\x00\x00\x00\x00\x00\x00\x18\x10\x00\x00\x00\x00\x00\x00" +
		"\x00\x00\x00\x00\x00\x00\x00\x00\xb7\x20\x00\x00\x00\x00\x00\x30" +
		"\xb7\x30\x00\x00\x00\x00\x00\x00\x85\x00\x00\x00\x00\x00\x00\x83" +
		"\xbf\x70\x00\x00\x00\x00\x00\x00\x15\x70\x01\x34\x00\x00\x00\x00" +
		"\x7b\xa9\xff\x78\x00\x00\x00\x00\xb7\x90\x00\x00\x00\x00\x00\x01" +
		"\x15\x80\x00\x01\x00\x00\x00\x01\xb7\x90\x00\x00\x00\x00\x00\x00" +
		"\x85\x00\x00\x00\x00\x00\x00\x05\xb7\x10\x00\x00\x00\x00\x00\x04" +
		"\x73\x71\x00\x2f\x00\x00\x00\x00\x73\x79\x00\x2e\x00\x00\x00\x00" +
		"\x79\x1a\xff\x70\x00\x00\x00\x00\x73\x71\x00\x2c\x00\x00\x00\x00" +
		"\x79\x1a\xff\x90\x00\x00\x00\x00\x6b\x71\x00\x2a\x00\x00\x00\x00" +
		"\x79\x1a\xff\x80\x00\x00\x00\x00\x6b\x71\x00\x28\x00\x00\x00\x00" +
		"\x79\x1a\xff\x78\x00\x00\x00\x00\xd4\x10\x00\x00\x00\x00\x00\x20" +
		"\x63\x71\x00\x18\x00\x00\x00\x00\x79\x1a\xff\x88\x00\x00\x00\x00" +
		"\xd4\x10\x00\x00\x00\x00\x00\x20\x63\x71\x00\x08\x00\x00\x00\x00" +
		"\x7b\x70\x00\x00\x00\x00\x00\x00\xb7\x10\x00\x00\x00\x00\x00\x00" +
		"\x73\x71\x00\x2d\x00\x00\x00\x00\x7b\x71\x00\x20\x00\x00\x00\x00" +
		"\x63\x71\x00\x1c\x00\x00\x00\x00\x7b\x71\x00\x10\x00\x00\x00\x00" +
		"\x63\x71\x00\x0c\x00\x00\x00\x00\x05\x00\x00\xef\x00\x00\x00\x00" +
		"\xb7\x10\x00\x00\x00\x00\x00\x04\x7b\xa1\xff\x78\x00\x00\x00\x00" +
		"\xb7\x10\x00\x00\x00\x00\x00\x01\x05\x00\x00\x8f\x00\x00\x00\x00" +
		"\xb7\x70\x00\x00\x00\x00\x00\x00\x18\x10\x00\x00\x00\x00\x00\x00" +
		"\x00\x00\x00\x00\x00\x00\x00\x00\xb7\x20\x00\x00\x00\x00\x00\x30" +
		"\xb7\x30\x00\x00\x00\x00\x00\x00\x85\x00\x00\x00\x00\x00\x00\x83" +
		"\xbf\x60\x00\x00\x00\x00\x00\x00\x15\x60\x01\x0b\x00\x00\x00\x00" +
		"\x85\x00\x00\x00\x00\x00\x00\x05\xb7\x10\x00\x00\x00\x00\x01\x04" +
		"\x6b\x61\x00\x2e\x00\x00\x00\x00\x73\x68\x00\x2c\x00\x00\x00\x00" +
		"\x79\x1a\xff\x90\x00\x00\x00\x00\x6b\x61\x00\x2a\x00\x00\x00\x00" +
		"\x79\x1a\xff\x80\x00\x00\x00\x00\x6b\x61\x00\x28\x00\x00\x00\x00" +
		"\xd4\x90\x00\x00\x00\x00\x00\x20\x63\x69\x00\x18\x00\x00\x00\x00" +
		"\x79\x1a\xff\x88\x00\x00\x00\x00\xd4\x10\x00\x00\x00\x00\x00\x20" +
		"\x63\x61\x00\x08\x00\x00\x00\x00\x7b\x60\x00\x00\x00\x00\x00\x00" +
		"\x73\x67\x00\x2d\x00\x00\x00\x00\x7b\x67\x00\x20\x00\x00\x00\x00" +
		"\x63\x67\x00\x1c\x00\x00\x00\x00\x7b\x67\x00\x10\x00\x00\x00\x00" +
		"\x63\x67\x00\x0c\x00\x00\x00\x00\x05\x00\x00\xf4\x00\x00\x00\x00" +
		"\xbf\x3a\x00\x00\x00\x00\x00\x00\x07\x30\x00\x00\xff\xff\xff\xd8" +
		"\xbf\x16\x00\x00\x00\x00\x00\x00\xb7\x20\x00\x00\x00\x00\x00\x00" +
		"\xb7\x40\x00\x00\x00\x00\x00\x28\x85\x00\x00\x00\x00\x00\x00\x1a" +
		"\x6d\x70\x00\xf0\x00\x00\x00\x00\x71\x1a\xff\xd8\x00\x00\x00\x00" +
		"\x57\x10\x00\x00\x00\x00\x00\xf0\x55\x10\x00\xed\x00\x00\x00\x60" +
		"\x61\x1a\xff\xf4\x00\x00\x00\x00\x67\x10\x00\x00\x00\x00\x00\x20" +
		"\x61\x2a\xff\xf8\x00\x00\x00\x00\x4f\x12\x00\x00\x00\x00\x00\x00" +
		"\x61\x2a\xff\xe4\x00\x00\x00\x00\x67\x20\x00\x00\x00\x00\x00\x20" +
		"\x61\x3a\xff\xe8\x00\x00\x00\x00\x4f\x23\x00\x00\x00\x00\x00\x00" +
		"\x61\x3a\xff\xec\x00\x00\x00\x00\x63\xa3\xff\xb8\x00\x00\x00\x00" +
		"\x61\x3a\xff\xfc\x00\x00\x00\x00\x63\xa3\xff\xa8\x00\x00\x00\x00" +
		"\x7b\xa2\xff\xb0\x00\x00\x00\x00\x7b\xa1\xff\xa0\x00\x00\x00\x00" +
		"\x61\x9a\xff\xf0\x00\x00\x00\x00\x61\x7a\xff\xe0\x00\x00\x00\x00" +
		"\x71\x8a\xff\xde\x00\x00\x00\x00\x15\x80\x00\x29\x00\x00\x00\x11" +
		"\xb7\x20\x00\x00\x00\x00\x00\x00\xb7\x10\x00\x00\x00\x00\x00\x00" +
		"\x7b\xa1\xff\x90\x00\x00\x00\x00\x55\x80\x00\x0d\x00\x00\x00\x06" +
		"\xbf\x3a\x00\x00\x00\x00\x00\x00\x07\x30\x00\x00\xff\xff\xff\xc0" +
		"\xbf\x16\x00\x00\x00\x00\x00\x00\xb7\x20\x00\x00\x00\x00\x00\x28" +
		"\xb7\x40\x00\x00\x00\x00\x00\x14\x85\x00\x00\x00\x00\x00\x00\x1a" +
		"\xb7\x10\x00\x00\x00\x00\x00\x00\x6d\x10\x00\xcf\x00\x00\x00\x00" +
		"\x69\x1a\xff\xc2\x00\x00\x00\x00\xd4\x10\x00\x00\x00\x00\x00\x10" +
		"\x7b\xa1\xff\x90\x00\x00\x00\x00\x69\x2a\xff\xc0\x00\x00\x00\x00" +
		"\xd4\x20\x00\x00\x00\x00\x00\x10\x7b\xa2\xff\x80\x00\x00\x00\x00" +
		"\x7b\xa7\xff\x88\x00\x00\x00\x00\xb7\x60\x00\x00\x00\x00\x00\x00" +
		"\x63\xa6\xff\x9c\x00\x00\x00\x00\xbf\x2a\x00\x00\x00\x00\x00\x00" +
		"\x07\x20\x00\x00\xff\xff\xff\x9c\x18\x10\x00\x00\x00\x00\x00\x00" +
		"\x00\x00\x00\x00\x00\x00\x00\x00\x85\x00\x00\x00\x00\x00\x00\x01" +
		"\x55\x00\x00\x01\x00\x00\x00\x00\x05\x00\x00\x16\x00\x00\x00\x00" +
		"\x71\x70\x00\x00\x00\x00\x00\x00\x85\x00\x00\x00\x00\x00\x00\x50" +
		"\x7b\xa0\xff\xc0\x00\x00\x00\x00\x15\x70\x00\x14\x00\x00\x00\x00" +
		"\xbf\x2a\x00\x00\x00\x00\x00\x00\x07\x20\x00\x00\xff\xff\xff\xc0" +
		"\x18\x10\x00\x00\x00\x00\x00\x00\x00\x00\x00\x00\x00\x00\x00\x00" +
		"\x85\x00\x00\x00\x00\x00\x00\x01\x15\x00\x00\x91\x00\x00\x00\x00" +
		"\xb7\x60\x00\x00\x00\x00\x00\x01\x79\x0a\xff\xc0\x00\x00\x00\x00" +
		"\x05\x00\x00\x0b\x00\x00\x00\x00\xbf\x3a\x00\x00\x00\x00\x00\x00" +
		"\x07\x30\x00\x00\xff\xff\xff\xc0\xbf\x16\x00\x00\x00\x00\x00\x00" +
		"\xb7\x20\x00\x00\x00\x00\x00\x28\xb7\x40\x00\x00\x00\x00\x00\x08" +
		"\x85\x00\x00\x00\x00\x00\x00\x1a\xb7\x10\x00\x00\x00\x00\x00\x00" +
		"\x6d\x10\x00\xaa\x00\x00\x00\x00\x05\x00\xff\xda\x00\x00\x00\x00" +
		"\x85\x00\x00\x00\x00\x00\x00\x50\x7b\xa0\xff\xc0\x00\x00\x00\x00" +
		"\x63\xa9\xff\xe8\x00\x00\x00\x00\x7b\xa0\xff\xe0\x00\x00\x00\x00" +
		"\xb7\x10\x00\x00\x00\x00\x00\xe0\x63\xa1\xff\xd8\x00\x00\x00\x00" +
		"\x61\x1a\xff\xa8\x00\x00\x00\x00\x63\xa1\xff\xf4\x00\x00\x00\x00" +
		"\x79\x1a\xff\xa0\x00\x00\x00\x00\x63\xa1\xff\xf0\x00\x00\x00\x00" +
		"\x77\x10\x00\x00\x00\x00\x00\x20\x63\xa1\xff\xec\x00\x00\x00\x00" +
		"\xb7\x10\x00\x00\x00\x00\x00\x3a\x15\x80\x00\x01\x00\x00\x00\x01" +
		"\xbf\x18\x00\x00\x00\x00\x00\x00\x67\x10\x00\x00\x00\x00\x00\x10" +
		"\x79\x2a\xff\x90\x00\x00\x00\x00\x4f\x12\x00\x00\x00\x00\x00\x00" +
		"\x63\xa1\xff\xdc\x00\x00\x00\x00\xbf\x2a\x00\x00\x00\x00\x00\x00" +
		"\x07\x20\x00\x00\xff\xff\xff\xd8\x18\x10\x00\x00\x00\x00\x00\x00" +
		"\x00\x00\x00\x00\x00\x00\x00\x00\x85\x00\x00\x00\x00\x00\x00\x01" +
		"\x55\x60\x00\x08\x00\x00\x00\x00\x55\x00\x00\x07\x00\x00\x00\x00" +
		"\xb7\x10\x00\x00\x00\x00\x00\x00\x7b\xa1\xff\xe0\x00\x00\x00\x00" +
		"\xbf\x2a\x00\x00\x00\x00\x00\x00\x07\x20\x00\x00\xff\xff\xff\xd8" +
		"\x18\x10\x00\x00\x00\x00\x00\x00\x00\x00\x00\x00\x00\x00\x00\x00" +
		"\x85\x00\x00\x00\x00\x00\x00\x01\x55\x00\x00\x20\x00\x00\x00\x00" +
		"\xb7\x10\x00\x00\x00\x00\x00\x06\x7b\xa1\xff\x78\x00\x00\x00\x00" +
		"\xb7\x10\x00\x00\x00\x00\x00\x00\x7b\xa1\xff\x70\x00\x00\x00\x00" +
		"\xb7\x60\x00\x00\x00\x00\x00\x00\x18\x10\x00\x00\x00\x00\x00\x00" +
		"\x00\x00\x00\x00\x00\x00\x00\x00\xb7\x20\x00\x00\x00\x00\x00\x30" +
		"\xb7\x30\x00\x00\x00\x00\x00\x00\x85\x00\x00\x00\x00\x00\x00\x83" +
		"\xbf\x70\x00\x00\x00\x00\x00\x00\x15\x70\x00\x7c\x00\x00\x00\x00" +
		"\x85\x00\x00\x00\x00\x00\x00\x05\x7b\x70\x00\x00\x00\x00\x00\x00" +
		"\x79\x1a\xff\x70\x00\x00\x00\x00\x55\x10\x00\x3c\x00\x00\x00\x00" +
		"\x79\x1a\xff\x88\x00\x00\x00\x00\x63\x71\x00\x08\x00\x00\x00\x00" +
		"\x61\x1a\xff\xb8\x00\x00\x00\x00\x63\x71\x00\x14\x00\x00\x00\x00" +
		"\x79\x1a\xff\xb0\x00\x00\x00\x00\x63\x79\x00\x18\x00\x00\x00\x00" +
		"\x63\x71\x00\x10\x00\x00\x00\x00\x77\x10\x00\x00\x00\x00\x00\x20" +
		"\x63\x71\x00\x0c\x00\x00\x00\x00\x61\x1a\xff\xa8\x00\x00\x00\x00" +
		"\x63\x71\x00\x24\x00\x00\x00\x00\x79\x1a\xff\xa0\x00\x00\x00\x00" +
		"\x63\x71\x00\x20\x00\x00\x00\x00\x77\x10\x00\x00\x00\x00\x00\x20" +
		"\x63\x71\x00\x1c\x00\x00\x00\x00\x05\x00\x00\x36\x00\x00\x00\x00" +
		"\x7b\xa9\xff\x78\x00\x00\x00\x00\x71\x90\x00\x00\x00\x00\x00\x00" +
		"\xb7\x60\x00\x00\x00\x00\x00\x01\x15\x90\x00\x01\x00\x00\x00\x01" +
		"\xb7\x60\x00\x00\x00\x00\x00\x00\x18\x10\x00\x00\x00\x00\x00\x00" +
		"\x00\x00\x00\x00\x00\x00\x00\x00\xb7\x20\x00\x00\x00\x00\x00\x30" +
		"\xb7\x30\x00\x00\x00\x00\x00\x00\x85\x00\x00\x00\x00\x00\x00\x83" +
		"\xbf\x70\x00\x00\x00\x00\x00\x00\x15\x70\x00\x5c\x00\x00\x00\x00" +
		"\x85\x00\x00\x00\x00\x00\x00\x05\x79\x1a\xff\x88\x00\x00\x00\x00" +
		"\x63\x71\x00\x08\x00\x00\x00\x00\x7b\x70\x00\x00\x00\x00\x00\x00" +
		"\x79\x1a\xff\xb0\x00\x00\x00\x00\x61\x2a\xff\xb8\x00\x00\x00\x00" +
		"\x79\x3a\xff\x78\x00\x00\x00\x00\x63\x73\x00\x18\x00\x00\x00\x00" +
		"\x63\x72\x00\x14\x00\x00\x00\x00\x63\x71\x00\x10\x00\x00\x00\x00" +
		"\x77\x10\x00\x00\x00\x00\x00\x20\x63\x71\x00\x0c\x00\x00\x00\x00" +
		"\xb7\x10\x00\x00\x00\x00\x00\x00\xb7\x20\x00\x00\x00\x00\x00\x01" +
		"\x15\x90\x00\x01\x00\x00\x00\x01\xb7\x20\x00\x00\x00\x00\x00\x00" +
		"\x79\x3a\xff\xa0\x00\x00\x00\x00\x61\x4a\xff\xa8\x00\x00\x00\x00" +
		"\x79\x5a\xff\x80\x00\x00\x00\x00\x6b\x75\x00\x28\x00\x00\x00\x00" +
		"\x79\x5a\xff\x90\x00\x00\x00\x00\x6b\x75\x00\x2a\x00\x00\x00\x00" +
		"\x73\x78\x00\x2c\x00\x00\x00\x00\x73\x72\x00\x2e\x00\x00\x00\x00" +
		"\xb7\x20\x00\x00\x00\x00\x00\x06\x73\x72\x00\x2f\x00\x00\x00\x00" +
		"\x63\x74\x00\x24\x00\x00\x00\x00\x63\x73\x00\x20\x00\x00\x00\x00" +
		"\x77\x30\x00\x00\x00\x00\x00\x20\x63\x73\x00\x1c\x00\x00\x00\x00" +
		"\x73\x71\x00\x2d\x00\x00\x00\x00\x05\x00\x00\x13\x00\x00\x00\x00" +
		"\xb7\x10\x00\x00\x00\x00\x00\x00\x7b\x71\x00\x20\x00\x00\x00\x00" +
		"\x63\x71\x00\x1c\x00\x00\x00\x00\x7b\x71\x00\x10\x00\x00\x00\x00" +
		"\x63\x71\x00\x0c\x00\x00\x00\x00\xd4\x90\x00\x00\x00\x00\x00\x20" +
		"\x63\x79\x00\x18\x00\x00\x00\x00\x79\x1a\xff\x88\x00\x00\x00\x00" +
		"\xd4\x10\x00\x00\x00\x00\x00\x20\x63\x71\x00\x08\x00\x00\x00\x00" +
		"\x79\x2a\xff\x80\x00\x00\x00\x00\x79\x1a\xff\x78\x00\x00\x00\x00" +
		"\x73\x71\x00\x2f\x00\x00\x00\x00\x73\x78\x00\x2c\x00\x00\x00\x00" +
		"\x79\x1a\xff\x90\x00\x00\x00\x00\x6b\x71\x00\x2a\x00\x00\x00\x00" +
		"\x6b\x72\x00\x28\x00\x00\x00\x00\x73\x76\x00\x2e\x00\x00\x00\x00" +
		"\x73\x76\x00\x2d\x00\x00\x00\x00\xbf\x17\x00\x00\x00\x00\x00\x00" +
		"\xb7\x20\x00\x00\x00\x00\x00\x00\x85\x00\x00\x00\x00\x00\x00\x84" +
		"\x05\x00\x00\x25\x00\x00\x00\x00\xb7\x70\x00\x00\x00\x00\x00\x00" +
		"\x18\x10\x00\x00\x00\x00\x00\x00\x00\x00\x00\x00\x00\x00\x00\x00" +
		"\xb7\x20\x00\x00\x00\x00\x00\x30\xb7\x30\x00\x00\x00\x00\x00\x00" +
		"\x85\x00\x00\x00\x00\x00\x00\x83\xbf\x60\x00\x00\x00\x00\x00\x00" +
		"\x15\x60\x00\x1c\x00\x00\x00\x00\x85\x00\x00\x00\x00\x00\x00\x05" +
		"\x79\x1a\xff\x88\x00\x00\x00\x00\x63\x61\x00\x08\x00\x00\x00\x00" +
		"\x7b\x60\x00\x00\x00\x00\x00\x00\x79\x1a\xff\xb0\x00\x00\x00\x00" +
		"\x61\x2a\xff\xb8\x00\x00\x00\x00\x63\x69\x00\x18\x00\x00\x00\x00" +
		"\x63\x62\x00\x14\x00\x00\x00\x00\x63\x61\x00\x10\x00\x00\x00\x00" +
		"\x77\x10\x00\x00\x00\x00\x00\x20\x63\x61\x00\x0c\x00\x00\x00\x00" +
		"\x79\x1a\xff\xa0\x00\x00\x00\x00\x61\x2a\xff\xa8\x00\x00\x00\x00" +
		"\x79\x3a\xff\x80\x00\x00\x00\x00\x6b\x63\x00\x28\x00\x00\x00\x00" +
		"\x79\x3a\xff\x90\x00\x00\x00\x00\x6b\x63\x00\x2a\x00\x00\x00\x00" +
		"\x73\x68\x00\x2c\x00\x00\x00\x00\xb7\x30\x00\x00\x00\x00\x01\x06" +
		"\x6b\x63\x00\x2e\x00\x00\x00\x00\x63\x62\x00\x24\x00\x00\x00\x00" +
		"\x63\x61\x00\x20\x00\x00\x00\x00\x77\x10\x00\x00\x00\x00\x00\x20" +
		"\x63\x61\x00\x1c\x00\x00\x00\x00\x73\x67\x00\x2d\x00\x00\x00\x00" +
		"\xbf\x16\x00\x00\x00\x00\x00\x00\xb7\x20\x00\x00\x00\x00\x00\x00" +
		"\x85\x00\x00\x00\x00\x00\x00\x84\xb7\x60\x00\x00\x00\x00\x00\x01" +
		"\x57\x60\x00\x00\x00\x00\x00\x01\xbf\x06\x00\x00\x00\x00\x00\x00" +
		"\x95\x00\x00\x00\x00\x00\x00\x00\xbf\x61\x00\x00\x00\x00\x00\x00" +
		"\xb7\x70\x00\x00\x00\x00\x00\x00\x63\xa7\xff\xb8\x00\x00\x00\x00" +
		"\x7b\xa7\xff\xb0\x00\x00\x00\x00\x63\xa7\xff\xa8\x00\x00\x00\x00" +
		"\x7b\xa7\xff\xa0\x00\x00\x00\x00\xbf\x3a\x00\x00\x00\x00\x00\x00" +
		"\x07\x30\x00\x00\xff\xff\xff\xd8\xb7\x20\x00\x00\x00\x00\x00\x00" +
		"\xb7\x40\x00\x00\x00\x00\x00\x14\x85\x00\x00\x00\x00\x00\x00\x1a" +
		"\x6d\x70\x00\xad\x00\x00\x00\x00\x71\x2a\xff\xd8\x00\x00\x00\x00" +
		"\xbf\x12\x00\x00\x00\x00\x00\x00\x57\x10\x00\x00\x00\x00\x00\xf0" +
		"\x55\x10\x00\xa9\x00\x00\x00\x40\x67\x20\x00\x00\x00\x00\x00\x02" +
		"\x57\x20\x00\x00\x00\x00\x00\xfc\x25\x20\x00\x01\x00\x00\x00\x14" +
		"\xb7\x20\x00\x00\x00\x00\x00\x14\x61\x9a\xff\xe8\x00\x00\x00\x00" +
		"\x61\x1a\xff\xe4\x00\x00\x00\x00\x7b\xa1\xff\x88\x00\x00\x00\x00" +
		"\x71\x8a\xff\xe1\x00\x00\x00\x00\x15\x80\x00\x76\x00\x00\x00\x11" +
		"\xb7\x30\x00\x00\x00\x00\x00\x00\xb7\x10\x00\x00\x00\x00\x00\x00" +
		"\x7b\xa1\xff\x90\x00\x00\x00\x00\x55\x80\x00\x0d\x00\x00\x00\x06" +
		"\x57\x20\x00\x00\x00\x00\x00\xff\xbf\x3a\x00\x00\x00\x00\x00\x00" +
		"\x07\x30\x00\x00\xff\xff\xff\xc0\xbf\x16\x00\x00\x00\x00\x00\x00" +
		"\xb7\x40\x00\x00\x00\x00\x00\x14\x85\x00\x00\x00\x00\x00\x00\x1a" +
		"\xb7\x10\x00\x00\x00\x00\x00\x00\x6d\x10\x00\x94\x00\x00\x00\x00" +
		"\x69\x1a\xff\xc2\x00\x00\x00\x00\xd4\x10\x00\x00\x00\x00\x00\x10" +
		"\x7b\xa1\xff\x90\x00\x00\x00\x00\x69\x3a\xff\xc0\x00\x00\x00\x00" +
		"\xd4\x30\x00\x00\x00\x00\x00\x10\x7b\xa3\xff\x80\x00\x00\x00\x00" +
		"\x63\xa7\xff\x9c\x00\x00\x00\x00\xbf\x2a\x00\x00\x00\x00\x00\x00" +
		"\x07\x20\x00\x00\xff\xff\xff\x9c\x18\x10\x00\x00\x00\x00\x00\x00" +
		"\x00\x00\x00\x00\x00\x00\x00\x00\x85\x00\x00\x00\x00\x00\x00\x01" +
		"\xb7\x60\x00\x00\x00\x00\x00\x00\x15\x00\x00\x04\x00\x00\x00\x00" +
		"\x71\x10\x00\x00\x00\x00\x00\x00\xb7\x60\x00\x00\x00\x00\x00\x01" +
		"\x55\x10\x00\x01\x00\x00\x00\x00\xb7\x60\x00\x00\x00\x00\x00\x00" +
		"\x18\x10\x00\x00\x00\x00\x00\x00\x00\x00\x00\x00\x00\x00\x00\x00" +
		"\xb7\x20\x00\x00\x00\x00\x00\x00\x85\x00\x00\x00\x00\x00\x00\x51" +
		"\x15\x00\x00\x01\x00\x00\x00\x00\x79\x70\x00\x00\x00\x00\x00\x00" +
		"\x7b\xa7\xff\xc0\x00\x00\x00\x00\xbf\x16\x00\x00\x00\x00\x00\x00" +
		"\x57\x10\x00\x00\x00\x00\x00\x01\x15\x10\x00\x07\x00\x00\x00\x00" +
		"\xbf\x2a\x00\x00\x00\x00\x00\x00\x07\x20\x00\x00\xff\xff\xff\xc0" +
		"\x18\x10\x00\x00\x00\x00\x00\x00\x00\x00\x00\x00\x00\x00\x00\x00" +
		"\x85\x00\x00\x00\x00\x00\x00\x01\x15\x00\x00\x55\x00\x00\x00\x00" +
		"\x79\x7a\xff\xc0\x00\x00\x00\x00\x7b\xa7\xff\xe0\x00\x00\x00\x00" +
		"\xb7\x10\x00\x00\x00\x00\x00\x80\x63\xa1\xff\xd8\x00\x00\x00\x00" +
		"\x79\x1a\xff\x88\x00\x00\x00\x00\x63\xa1\xff\xe8\x00\x00\x00\x00" +
		"\xbf\x18\x00\x00\x00\x00\x00\x00\x67\x10\x00\x00\x00\x00\x00\x10" +
		"\x79\x2a\xff\x90\x00\x00\x00\x00\x4f\x12\x00\x00\x00\x00\x00\x00" +
		"\x47\x10\x00\x00\x01\x00\x00\x00\x63\xa1\xff\xdc\x00\x00\x00\x00" +
		"\xb7\x10\x00\x00\x00\x00\x00\x00\x63\xa1\xff\xec\x00\x00\x00\x00" +
		"\xbf\x2a\x00\x00\x00\x00\x00\x00\x07\x20\x00\x00\xff\xff\xff\xd8" +
		"\x18\x10\x00\x00\x00\x00\x00\x00\x00\x00\x00\x00\x00\x00\x00\x00" +
		"\x85\x00\x00\x00\x00\x00\x00\x01\xb7\x10\x00\x00\x00\x00\x00\x01" +
		"\x55\x00\x00\x01\x00\x00\x00\x00\xb7\x10\x00\x00\x00\x00\x00\x00" +
		"\x7b\xa9\xff\x78\x00\x00\x00\x00\x4f\x16\x00\x00\x00\x00\x00\x00" +
		"\x57\x10\x00\x00\x00\x00\x00\x01\x55\x10\x00\x07\x00\x00\x00\x00" +
		"\xb7\x10\x00\x00\x00\x00\x00\x00\x7b\xa1\xff\xe0\x00\x00\x00\x00" +
		"\xbf\x2a\x00\x00\x00\x00\x00\x00\x07\x20\x00\x00\xff\xff\xff\xd8" +
		"\x18\x10\x00\x00\x00\x00\x00\x00\x00\x00\x00\x00\x00\x00\x00\x00" +
		"\x85\x00\x00\x00\x00\x00\x00\x01\x15\x00\x00\x2f\x00\x00\x00\x00" +
		"\x71\x90\x00\x00\x00\x00\x00\x00\xb7\x60\x00\x00\x00\x00\x00\x01" +
		"\x15\x90\x00\x01\x00\x00\x00\x01\xb7\x60\x00\x00\x00\x00\x00\x00" +
		"\x18\x10\x00\x00\x00\x00\x00\x00\x00\x00\x00\x00\x00\x00\x00\x00" +
		"\xb7\x20\x00\x00\x00\x00\x00\x30\xb7\x30\x00\x00\x00\x00\x00\x00" +
		"\x85\x00\x00\x00\x00\x00\x00\x83\xbf\x70\x00\x00\x00\x00\x00\x00" +
		"\x15\x70\x01\x4a\x00\x00\x00\x00\x85\x00\x00\x00\x00\x00\x00\x05" +
		"\xb7\x10\x00\x00\x00\x00\x00\x04\x73\x71\x00\x2f\x00\x00\x00\x00" +
		"\xb7\x10\x00\x00\x00\x00\x00\x00\xb7\x20\x00\x00\x00\x00\x00\x01" +
		"\xb7\x30\x00\x00\x00\x00\x00\x01\x15\x90\x00\x01\x00\x00\x00\x01" +
		"\xb7\x30\x00\x00\x00\x00\x00\x00\x73\x73\x00\x2e\x00\x00\x00\x00" +
		"\x73\x72\x00\x2d\x00\x00\x00\x00\x73\x78\x00\x2c\x00\x00\x00\x00" +
		"\x79\x2a\xff\x90\x00\x00\x00\x00\x6b\x72\x00\x2a\x00\x00\x00\x00" +
		"\x79\x2a\xff\x80\x00\x00\x00\x00\x6b\x72\x00\x28\x00\x00\x00\x00" +
		"\x79\x2a\xff\x78\x00\x00\x00\x00\xd4\x20\x00\x00\x00\x00\x00\x20" +
		"\x63\x72\x00\x18\x00\x00\x00\x00\x79\x2a\xff\x88\x00\x00\x00\x00" +
		"\xd4\x20\x00\x00\x00\x00\x00\x20\x63\x72\x00\x08\x00\x00\x00\x00" +
		"\x7b\x70\x00\x00\x00\x00\x00\x00\x7b\x71\x00\x20\x00\x00\x00\x00" +
		"\x63\x71\x00\x1c\x00\x00\x00\x00\x7b\x71\x00\x10\x00\x00\x00\x00" +
		"\x63\x71\x00\x0c\x00\x00\x00\x00\x05\x00\x01\x06\x00\x00\x00\x00" +
		"\x57\x20\x00\x00\x00\x00\x00\xff\xbf\x3a\x00\x00\x00\x00\x00\x00" +
		"\x07\x30\x00\x00\xff\xff\xff\xc0\xbf\x16\x00\x00\x00\x00\x00\x00" +
		"\xb7\x40\x00\x00\x00\x00\x00\x08\x85\x00\x00\x00\x00\x00\x00\x1a" +
		"\xb7\x10\x00\x00\x00\x00\x00\x00\x6d\x10\x00\x22\x00\x00\x00\x00" +
		"\x05\x00\xff\x8d\x00\x00\x00\x00\xb7\x10\x00\x00\x00\x00\x00\x04" +
		"\x7b\xa1\xff\x70\x00\x00\x00\x00\xb7\x10\x00\x00\x00\x00\x00\x01" +
		"\x05\x00\x00\x93\x00\x00\x00\x00\xb7\x70\x00\x00\x00\x00\x00\x00" +
		"\x18\x10\x00\x00\x00\x00\x00\x00\x00\x00\x00\x00\x00\x00\x00\x00" +
		"\xb7\x20\x00\x00\x00\x00\x00\x30\xb7\x30\x00\x00\x00\x00\x00\x00" +
		"\x85\x00\x00\x00\x00\x00\x00\x83\xbf\x60\x00\x00\x00\x00\x00\x00" +
		"\x15\x60\x01\x19\x00\x00\x00\x00\x85\x00\x00\x00\x00\x00\x00\x05" +
		"\xb7\x10\x00\x00\x00\x00\x01\x04\x6b\x61\x00\x2e\x00\x00\x00\x00" +
		"\xb7\x10\x00\x00\x00\x00\x00\x01\x73\x61\x00\x2d\x00\x00\x00\x00" +
		"\x73\x68\x00\x2c\x00\x00\x00\x00\x79\x1a\xff\x90\x00\x00\x00\x00" +
		"\x6b\x61\x00\x2a\x00\x00\x00\x00\x79\x1a\xff\x80\x00\x00\x00\x00" +
		"\x6b\x61\x00\x28\x00\x00\x00\x00\xd4\x90\x00\x00\x00\x00\x00\x20" +
		"\x63\x69\x00\x18\x00\x00\x00\x00\x79\x1a\xff\x88\x00\x00\x00\x00" +
		"\xd4\x10\x00\x00\x00\x00\x00\x20\x63\x61\x00\x08\x00\x00\x00\x00" +
		"\x7b\x60\x00\x00\x00\x00\x00\x00\x7b\x67\x00\x20\x00\x00\x00\x00" +
		"\x63\x67\x00\x1c\x00\x00\x00\x00\x7b\x67\x00\x10\x00\x00\x00\x00" +
		"\x63\x67\x00\x0c\x00\x00\x00\x00\x05\x00\x01\x01\x00\x00\x00\x00" +
		"\xbf\x3a\x00\x00\x00\x00\x00\x00\x07\x30\x00\x00\xff\xff\xff\xd8" +
		"\xbf\x16\x00\x00\x00\x00\x00\x00\xb7\x20\x00\x00\x00\x00\x00\x00" +
		"\xb7\x40\x00\x00\x00\x00\x00\x28\x85\x00\x00\x00\x00\x00\x00\x1a" +
		"\x6d\x70\x00\xfd\x00\x00\x00\x00\x71\x1a\xff\xd8\x00\x00\x00\x00" +
		"\x57\x10\x00\x00\x00\x00\x00\xf0\x55\x10\x00\xfa\x00\x00\x00\x60" +
		"\x61\x1a\xff\xf4\x00\x00\x00\x00\x67\x10\x00\x00\x00\x00\x00\x20" +
		"\x61\x2a\xff\xf8\x00\x00\x00\x00\x4f\x12\x00\x00\x00\x00\x00\x00" +
		"\x61\x2a\xff\xe4\x00\x00\x00\x00\x67\x20\x00\x00\x00\x00\x00\x20" +
		"\x61\x3a\xff\xe8\x00\x00\x00\x00\x4f\x23\x00\x00\x00\x00\x00\x00" +
		"\x61\x3a\xff\xec\x00\x00\x00\x00\x63\xa3\xff\xb8\x00\x00\x00\x00" +
		"\x61\x3a\xff\xfc\x00\x00\x00\x00\x63\xa3\xff\xa8\x00\x00\x00\x00" +
		"\x7b\xa2\xff\xb0\x00\x00\x00\x00\x7b\xa1\xff\xa0\x00\x00\x00\x00" +
		"\x61\x9a\xff\xf0\x00\x00\x00\x00\x61\x1a\xff\xe0\x00\x00\x00\x00" +
		"\x7b\xa1\xff\x88\x00\x00\x00\x00\x71\x8a\xff\xde\x00\x00\x00\x00" +
		"\x15\x80\x00\xa2\x00\x00\x00\x11\xb7\x20\x00\x00\x00\x00\x00\x00" +
		"\xb7\x10\x00\x00\x00\x00\x00\x00\x7b\xa1\xff\x90\x00\x00\x00\x00" +
		"\x55\x80\x00\x0d\x00\x00\x00\x06\xbf\x3a\x00\x00\x00\x00\x00\x00" +
		"\x07\x30\x00\x00\xff\xff\xff\xc0\xbf\x16\x00\x00\x00\x00\x00\x00" +
		"\xb7\x20\x00\x00\x00\x00\x00\x28\xb7\x40\x00\x00\x00\x00\x00\x14" +
		"\x85\x00\x00\x00\x00\x00\x00\x1a\xb7\x10\x00\x00\x00\x00\x00\x00" +
		"\x6d\x10\x00\xdb\x00\x00\x00\x00\x69\x1a\xff\xc2\x00\x00\x00\x00" +
		"\xd4\x10\x00\x00\x00\x00\x00\x10\x7b\xa1\xff\x90\x00\x00\x00\x00" +
		"\x69\x2a\xff\xc0\x00\x00\x00\x00\xd4\x20\x00\x00\x00\x00\x00\x10" +
		"\x7b\xa2\xff\x80\x00\x00\x00\x00\x63\xa7\xff\x9c\x00\x00\x00\x00" +
		"\xbf\x2a\x00\x00\x00\x00\x00\x00\x07\x20\x00\x00\xff\xff\xff\x9c" +
		"\x18\x10\x00\x00\x00\x00\x00\x00\x00\x00\x00\x00\x00\x00\x00\x00" +
		"\x85\x00\x00\x00\x00\x00\x00\x01\xb7\x60\x00\x00\x00\x00\x00\x00" +
		"\x15\x00\x00\x04\x00\x00\x00\x00\x71\x10\x00\x00\x00\x00\x00\x00" +
		"\xb7\x60\x00\x00\x00\x00\x00\x01\x55\x10\x00\x01\x00\x00\x00\x00" +
		"\xb7\x60\x00\x00\x00\x00\x00\x00\x18\x10\x00\x00\x00\x00\x00\x00" +
		"\x00\x00\x00\x00\x00\x00\x00\x00\xb7\x20\x00\x00\x00\x00\x00\x00" +
		"\x85\x00\x00\x00\x00\x00\x00\x51\x15\x00\x00\x01\x00\x00\x00\x00" +
		"\x79\x70\x00\x00\x00\x00\x00\x00\x7b\xa7\xff\xc0\x00\x00\x00\x00" +
		"\xbf\x16\x00\x00\x00\x00\x00\x00\x57\x10\x00\x00\x00\x00\x00\x01" +
		"\x15\x10\x00\x07\x00\x00\x00\x00\xbf\x2a\x00\x00\x00\x00\x00\x00" +
		"\x07\x20\x00\x00\xff\xff\xff\xc0\x18\x10\x00\x00\x00\x00\x00\x00" +
		"\x00\x00\x00\x00\x00\x00\x00\x00\x85\x00\x00\x00\x00\x00\x00\x01" +
		"\x15\x00\x00\x95\x00\x00\x00\x00\x79\x7a\xff\xc0\x00\x00\x00\x00" +
		"\x79\x1a\xff\x88\x00\x00\x00\x00\x63\xa1\xff\xe8\x00\x00\x00\x00" +
		"\x7b\xa7\xff\xe0\x00\x00\x00\x00\xb7\x10\x00\x00\x00\x00\x00\xe0" +
		"\x63\xa1\xff\xd8\x00\x00\x00\x00\x61\x1a\xff\xb8\x00\x00\x00\x00" +
		"\x63\xa1\xff\xf4\x00\x00\x00\x00\x79\x1a\xff\xb0\x00\x00\x00\x00" +
		"\x63\xa1\xff\xf0\x00\x00\x00\x00\x77\x10\x00\x00\x00\x00\x00\x20" +
		"\x63\xa1\xff\xec\x00\x00\x00\x00\xb7\x10\x00\x00\x00\x00\x00\x3a" +
		"\x15\x80\x00\x01\x00\x00\x00\x01\xbf\x18\x00\x00\x00\x00\x00\x00" +
		"\x67\x10\x00\x00\x00\x00\x00\x10\x79\x2a\xff\x90\x00\x00\x00\x00" +
		"\x4f\x12\x00\x00\x00\x00\x00\x00\x47\x10\x00\x00\x01\x00\x00\x00" +
		"\x63\xa1\xff\xdc\x00\x00\x00\x00\xbf\x2a\x00\x00\x00\x00\x00\x00" +
		"\x07\x20\x00\x00\xff\xff\xff\xd8\x18\x10\x00\x00\x00\x00\x00\x00" +
		"\x00\x00\x00\x00\x00\x00\x00\x00\x85\x00\x00\x00\x00\x00\x00\x01" +
		"\xb7\x10\x00\x00\x00\x00\x00\x01\x55\x00\x00\x01\x00\x00\x00\x00" +
		"\xb7\x10\x00\x00\x00\x00\x00\x00\x7b\xa9\xff\x78\x00\x00\x00\x00" +
		"\x4f\x16\x00\x00\x00\x00\x00\x00\x57\x10\x00\x00\x00\x00\x00\x01" +
		"\x55\x10\x00\x07\x00\x00\x00\x00\xb7\x10\x00\x00\x00\x00\x00\x00" +
		"\x7b\xa1\xff\xe0\x00\x00\x00\x00\xbf\x2a\x00\x00\x00\x00\x00\x00" +
		"\x07\x20\x00\x00\xff\xff\xff\xd8\x18\x10\x00\x00\x00\x00\x00\x00" +
		"\x00\x00\x00\x00\x00\x00\x00\x00\x85\x00\x00\x00\x00\x00\x00\x01" +
		"\x55\x00\x00\x21\x00\x00\x00\x00\xb7\x10\x00\x00\x00\x00\x00\x06" +
		"\x7b\xa1\xff\x70\x00\x00\x00\x00\xb7\x10\x00\x00\x00\x00\x00\x00" +
		"\x7b\xa1\xff\x68\x00\x00\x00\x00\xb7\x60\x00\x00\x00\x00\x00\x00" +
		"\x18\x10\x00\x00\x00\x00\x00\x00\x00\x00\x00\x00\x00\x00\x00\x00" +
		"\xb7\x20\x00\x00\x00\x00\x00\x30\xb7\x30\x00\x00\x00\x00\x00\x00" +
		"\x85\x00\x00\x00\x00\x00\x00\x83\xbf\x70\x00\x00\x00\x00\x00\x00" +
		"\x79\x9a\xff\x78\x00\x00\x00\x00\x15\x70\x00\x85\x00\x00\x00\x00" +
		"\x85\x00\x00\x00\x00\x00\x00\x05\x7b\x70\x00\x00\x00\x00\x00\x00" +
		"\x79\x1a\xff\x68\x00\x00\x00\x00\x55\x10\x00\x44\x00\x00\x00\x00" +
		"\x79\x1a\xff\x88\x00\x00\x00\x00\x63\x71\x00\x08\x00\x00\x00\x00" +
		"\x61\x1a\xff\xb8\x00\x00\x00\x00\x63\x71\x00\x14\x00\x00\x00\x00" +
		"\x79\x1a\xff\xb0\x00\x00\x00\x00\x63\x79\x00\x18\x00\x00\x00\x00" +
		"\x63\x71\x00\x10\x00\x00\x00\x00\x77\x10\x00\x00\x00\x00\x00\x20" +
		"\x63\x71\x00\x0c\x00\x00\x00\x00\x61\x1a\xff\xa8\x00\x00\x00\x00" +
		"\x63\x71\x00\x24\x00\x00\x00\x00\x79\x1a\xff\xa0\x00\x00\x00\x00" +
		"\x63\x71\x00\x20\x00\x00\x00\x00\x77\x10\x00\x00\x00\x00\x00\x20" +
		"\x63\x71\x00\x1c\x00\x00\x00\x00\x05\x00\x00\x3e\x00\x00\x00\x00" +
		"\x71\x90\x00\x00\x00\x00\x00\x00\xb7\x60\x00\x00\x00\x00\x00\x01" +
		"\x15\x90\x00\x01\x00\x00\x00\x01\xb7\x60\x00\x00\x00\x00\x00\x00" +
		"\x18\x10\x00\x00\x00\x00\x00\x00\x00\x00\x00\x00\x00\x00\x00\x00" +
		"\xb7\x20\x00\x00\x00\x00\x00\x30\xb7\x30\x00\x00\x00\x00\x00\x00" +
		"\x85\x00\x00\x00\x00\x00\x00\x83\xbf\x70\x00\x00\x00\x00\x00\x00" +
		"\x15\x70\x00\x66\x00\x00\x00\x00\x85\x00\x00\x00\x00\x00\x00\x05" +
		"\x79\x1a\xff\x88\x00\x00\x00\x00\x63\x71\x00\x08\x00\x00\x00\x00" +
		"\x7b\x70\x00\x00\x00\x00\x00\x00\x79\x1a\xff\xb0\x00\x00\x00\x00" +
		"\x61\x2a\xff\xb8\x00\x00\x00\x00\x79\x3a\xff\x78\x00\x00\x00\x00" +
		"\x63\x73\x00\x18\x00\x00\x00\x00\x63\x72\x00\x14\x00\x00\x00\x00" +
		"\x63\x71\x00\x10\x00\x00\x00\x00\x77\x10\x00\x00\x00\x00\x00\x20" +
		"\x63\x71\x00\x0c\x00\x00\x00\x00\x79\x1a\xff\xa0\x00\x00\x00\x00" +
		"\x61\x2a\xff\xa8\x00\x00\x00\x00\x79\x3a\xff\x80\x00\x00\x00\x00" +
		"\x6b\x73\x00\x28\x00\x00\x00\x00\x79\x3a\xff\x90\x00\x00\x00\x00" +
		"\x6b\x73\x00\x2a\x00\x00\x00\x00\x73\x78\x00\x2c\x00\x00\x00\x00" +
		"\xb7\x30\x00\x00\x00\x00\x00\x01\xb7\x40\x00\x00\x00\x00\x00\x01" +
		"\x15\x90\x00\x01\x00\x00\x00\x01\xb7\x40\x00\x00\x00\x00\x00\x00" +
		"\x73\x73\x00\x2d\x00\x00\x00\x00\x73\x74\x00\x2e\x00\x00\x00\x00" +
		"\xb7\x30\x00\x00\x00\x00\x00\x06\x73\x73\x00\x2f\x00\x00\x00\x00" +
		"\x63\x72\x00\x24\x00\x00\x00\x00\x63\x71\x00\x20\x00\x00\x00\x00" +
		"\x77\x10\x00\x00\x00\x00\x00\x20\x63\x71\x00\x1c\x00\x00\x00\x00" +
		"\x05\x00\x00\x1d\x00\x00\x00\x00\xbf\x3a\x00\x00\x00\x00\x00\x00" +
		"\x07\x30\x00\x00\xff\xff\xff\xc0\xbf\x16\x00\x00\x00\x00\x00\x00" +
		"\xb7\x20\x00\x00\x00\x00\x00\x28\xb7\x40\x00\x00\x00\x00\x00\x08" +
		"\x85\x00\x00\x00\x00\x00\x00\x1a\xb7\x10\x00\x00\x00\x00\x00\x00" +
		"\x6d\x10\x00\x3d\x00\x00\x00\x00\x05\x00\xff\x61\x00\x00\x00\x00" +
		"\xb7\x10\x00\x00\x00\x00\x00\x00\x7b\x71\x00\x20\x00\x00\x00\x00" +
		"\x63\x71\x00\x1c\x00\x00\x00\x00\x7b\x71\x00\x10\x00\x00\x00\x00" +
		"\x63\x71\x00\x0c\x00\x00\x00\x00\xd4\x90\x00\x00\x00\x00\x00\x20" +
		"\x63\x79\x00\x18\x00\x00\x00\x00\x79\x1a\xff\x88\x00\x00\x00\x00" +
		"\xd4\x10\x00\x00\x00\x00\x00\x20\x63\x71\x00\x08\x00\x00\x00\x00" +
		"\x79\x2a\xff\x80\x00\x00\x00\x00\x79\x1a\xff\x70\x00\x00\x00\x00" +
		"\x73\x71\x00\x2f\x00\x00\x00\x00\xb7\x10\x00\x00\x00\x00\x00\x01" +
		"\x73\x71\x00\x2d\x00\x00\x00\x00\x73\x78\x00\x2c\x00\x00\x00\x00" +
		"\x79\x1a\xff\x90\x00\x00\x00\x00\x6b\x71\x00\x2a\x00\x00\x00\x00" +
		"\x6b\x72\x00\x28\x00\x00\x00\x00\x73\x76\x00\x2e\x00\x00\x00\x00" +
		"\xbf\x17\x00\x00\x00\x00\x00\x00\xb7\x20\x00\x00\x00\x00\x00\x00" +
		"\x85\x00\x00\x00\x00\x00\x00\x84\x05\x00\x00\x25\x00\x00\x00\x00" +
		"\x18\x10\x00\x00\x00\x00\x00\x00\x00\x00\x00\x00\x00\x00\x00\x00" +
		"\xb7\x20\x00\x00\x00\x00\x00\x30\xb7\x30\x00\x00\x00\x00\x00\x00" +
		"\x85\x00\x00\x00\x00\x00\x00\x83\xbf\x60\x00\x00\x00\x00\x00\x00" +
		"\x15\x60\x00\x1d\x00\x00\x00\x00\x85\x00\x00\x00\x00\x00\x00\x05" +
		"\x79\x1a\xff\x88\x00\x00\x00\x00\x63\x61\x00\x08\x00\x00\x00\x00" +
		"\x7b\x60\x00\x00\x00\x00\x00\x00\x79\x1a\xff\xb0\x00\x00\x00\x00" +
		"\x61\x2a\xff\xb8\x00\x00\x00\x00\x63\x69\x00\x18\x00\x00\x00\x00" +
		"\x63\x62\x00\x14\x00\x00\x00\x00\x63\x61\x00\x10\x00\x00\x00\x00" +
		"\x77\x10\x00\x00\x00\x00\x00\x20\x63\x61\x00\x0c\x00\x00\x00\x00" +
		"\x79\x1a\xff\xa0\x00\x00\x00\x00\x61\x2a\xff\xa8\x00\x00\x00\x00" +
		"\x79\x3a\xff\x80\x00\x00\x00\x00\x6b\x63\x00\x28\x00\x00\x00\x00" +
		"\x79\x3a\xff\x90\x00\x00\x00\x00\x6b\x63\x00\x2a\x00\x00\x00\x00" +
		"\x73\x68\x00\x2c\x00\x00\x00\x00\xb7\x30\x00\x00\x00\x00\x00\x01" +
		"\x73\x63\x00\x2d\x00\x00\x00\x00\xb7\x30\x00\x00\x00\x00\x01\x06" +
		"\x6b\x63\x00\x2e\x00\x00\x00\x00\x63\x62\x00\x24\x00\x00\x00\x00" +
		"\x63\x61\x00\x20\x00\x00\x00\x00\x77\x10\x00\x00\x00\x00\x00\x20" +
		"\x63\x61\x00\x1c\x00\x00\x00\x00\xbf\x16\x00\x00\x00\x00\x00\x00" +
		"\xb7\x20\x00\x00\x00\x00\x00\x00\x85\x00\x00\x00\x00\x00\x00\x84" +
		"\xb7\x60\x00\x00\x00\x00\x00\x01\x57\x60\x00\x00\x00\x00\x00\x01" +
		"\xbf\x06\x00\x00\x00\x00\x00\x00\x95\x00\x00\x00\x00\x00\x00\x00" +
		"\xbf\x61\x00\x00\x00\x00\x00\x00\xb7\x70\x00\x00\x00\x00\x00\x00" +
		"\xbf\x3a\x00\x00\x00\x00\x00\x00\x07\x30\x00\x00\xff\xff\xff\xd0" +
		"\xb7\x20\x00\x00\x00\x00\x00\x00\xb7\x40\x00\x00\x00\x00\x00\x14" +
		"\x85\x00\x00\x00\x00\x00\x00\x1a\x6d\x70\x00\x3e\x00\x00\x00\x00" +
		"\x71\x2a\xff\xd0\x00\x00\x00\x00\xbf\x12\x00\x00\x00\x00\x00\x00" +
		"\x57\x10\x00\x00\x00\x00\x00\xf0\x55\x10\x00\x3a\x00\x00\x00\x40" +
		"\x67\x20\x00\x00\x00\x00\x00\x02\x57\x20\x00\x00\x00\x00\x00\xfc" +
		"\x25\x20\x00\x01\x00\x00\x00\x14\xb7\x20\x00\x00\x00\x00\x00\x14" +
		"\x61\x7a\xff\xe0\x00\x00\x00\x00\x71\x8a\xff\xd9\x00\x00\x00\x00" +
		"\x15\x80\x00\x2a\x00\x00\x00\x11\xb7\x10\x00\x00\x00\x00\x00\x00" +
		"\x55\x80\x00\x0a\x00\x00\x00\x06\x57\x20\x00\x00\x00\x00\x00\xff" +
		"\xbf\x3a\x00\x00\x00\x00\x00\x00\x07\x30\x00\x00\xff\xff\xff\xec" +
		"\xbf\x16\x00\x00\x00\x00\x00\x00\xb7\x40\x00\x00\x00\x00\x00\x14" +
		"\x85\x00\x00\x00\x00\x00\x00\x1a\xb7\x10\x00\x00\x00\x00\x00\x00" +
		"\x6d\x10\x00\x29\x00\x00\x00\x00\x69\x1a\xff\xee\x00\x00\x00\x00" +
		"\xd4\x10\x00\x00\x00\x00\x00\x10\xb7\x20\x00\x00\x00\x00\x00\x80" +
		"\x63\xa2\xff\xd0\x00\x00\x00\x00\x67\x80\x00\x00\x00\x00\x00\x10" +
		"\x4f\x81\x00\x00\x00\x00\x00\x00\x63\xa8\xff\xd4\x00\x00\x00\x00" +
		"\x85\x00\x00\x00\x00\x00\x00\x50\xb7\x10\x00\x00\x00\x00\x00\x00" +
		"\xb7\x60\x00\x00\x00\x00\x00\x00\x63\xa1\xff\xe4\x00\x00\x00\x00" +
		"\x7b\xa0\xff\xd8\x00\x00\x00\x00\x63\xa7\xff\xe0\x00\x00\x00\x00" +
		"\xbf\x2a\x00\x00\x00\x00\x00\x00\x07\x20\x00\x00\xff\xff\xff\xd0" +
		"\x18\x10\x00\x00\x00\x00\x00\x00\x00\x00\x00\x00\x00\x00\x00\x00" +
		"\x85\x00\x00\x00\x00\x00\x00\x01\x55\x00\x00\x08\x00\x00\x00\x00" +
		"\xb7\x10\x00\x00\x00\x00\x00\x00\x7b\xa1\xff\xd8\x00\x00\x00\x00" +
		"\xbf\x2a\x00\x00\x00\x00\x00\x00\x07\x20\x00\x00\xff\xff\xff\xd0" +
		"\x18\x10\x00\x00\x00\x00\x00\x00\x00\x00\x00\x00\x00\x00\x00\x00" +
		"\x85\x00\x00\x00\x00\x00\x00\x01\x15\x00\x00\x02\x00\x00\x00\x00" +
		"\x71\x10\x00\x00\x00\x00\x00\x00\x15\x10\x00\x01\x00\x00\x00\x00" +
		"\xb7\x60\x00\x00\x00\x00\x00\x01\xbf\x06\x00\x00\x00\x00\x00\x00" +
		"\x05\x00\x00\x0a\x00\x00\x00\x00\x57\x20\x00\x00\x00\x00\x00\xff" +
		"\xbf\x3a\x00\x00\x00\x00\x00\x00\x07\x30\x00\x00\xff\xff\xff\xec" +
		"\xbf\x16\x00\x00\x00\x00\x00\x00\xb7\x40\x00\x00\x00\x00\x00\x08" +
		"\x85\x00\x00\x00\x00\x00\x00\x1a\xb7\x10\x00\x00\x00\x00\x00\x00" +
		"\x6d\x10\x00\x01\x00\x00\x00\x00\x05\x00\xff\xd7\x00\x00\x00\x00" +
		"\xb7\x00\x00\x00\x00\x00\x00\x01\x95\x00\x00\x00\x00\x00\x00\x00" +
		"\xbf\x61\x00\x00\x00\x00\x00\x00\xb7\x70\x00\x00\x00\x00\x00\x00" +
		"\xbf\x3a\x00\x00\x00\x00\x00\x00\x07\x30\x00\x00\xff\xff\xff\xd0" +
		"\xb7\x20\x00\x00\x00\x00\x00\x00\xb7\x40\x00\x00\x00\x00\x00\x14" +
		"\x85\x00\x00\x00\x00\x00\x00\x1a\x6d\x70\x00\x3f\x00\x00\x00\x00" +
		"\x71\x2a\xff\xd0\x00\x00\x00\x00\xbf\x12\x00\x00\x00\x00\x00\x00" +
		"\x57\x10\x00\x00\x00\x00\x00\xf0\x55\x10\x00\x3b\x00\x00\x00\x40" +
		"\x67\x20\x00\x00\x00\x00\x00\x02\x57\x20\x00\x00\x00\x00\x00\xfc" +
		"\x25\x20\x00\x01\x00\x00\x00\x14\xb7\x20\x00\x00\x00\x00\x00\x14" +
		"\x61\x7a\xff\xdc\x00\x00\x00\x00\x71\x8a\xff\xd9\x00\x00\x00\x00" +
		"\x15\x80\x00\x2b\x00\x00\x00\x11\xb7\x10\x00\x00\x00\x00\x00\x00" +
		"\x55\x80\x00\x0a\x00\x00\x00\x06\x57\x20\x00\x00\x00\x00\x00\xff" +
		"\xbf\x3a\x00\x00\x00\x00\x00\x00\x07\x30\x00\x00\xff\xff\xff\xec" +
		"\xbf\x16\x00\x00\x00\x00\x00\x00\xb7\x40\x00\x00\x00\x00\x00\x14" +
		"\x85\x00\x00\x00\x00\x00\x00\x1a\xb7\x10\x00\x00\x00\x00\x00\x00" +
		"\x6d\x10\x00\x2a\x00\x00\x00\x00\x69\x1a\xff\xee\x00\x00\x00\x00" +
		"\xd4\x10\x00\x00\x00\x00\x00\x10\xb7\x20\x00\x00\x00\x00\x00\x80" +
		"\x63\xa2\xff\xd0\x00\x00\x00\x00\x67\x80\x00\x00\x00\x00\x00\x10" +
		"\x4f\x81\x00\x00\x00\x00\x00\x00\x47\x80\x00\x00\x01\x00\x00\x00" +
		"\x63\xa8\xff\xd4\x00\x00\x00\x00\x85\x00\x00\x00\x00\x00\x00\x50" +
		"\xb7\x10\x00\x00\x00\x00\x00\x00\xb7\x60\x00\x00\x00\x00\x00\x00" +
		"\x63\xa1\xff\xe4\x00\x00\x00\x00\x7b\xa0\xff\xd8\x00\x00\x00\x00" +
		"\x63\xa7\xff\xe0\x00\x00\x00\x00\xbf\x2a\x00\x00\x00\x00\x00\x00" +
		"\x07\x20\x00\x00\xff\xff\xff\xd0\x18\x10\x00\x00\x00\x00\x00\x00" +
		"\x00\x00\x00\x00\x00\x00\x00\x00\x85\x00\x00\x00\x00\x00\x00\x01" +
		"\x55\x00\x00\x08\x00\x00\x00\x00\xb7\x10\x00\x00\x00\x00\x00\x00" +
		"\x7b\xa1\xff\xd8\x00\x00\x00\x00\xbf\x2a\x00\x00\x00\x00\x00\x00" +
		"\x07\x20\x00\x00\xff\xff\xff\xd0\x18\x10\x00\x00\x00\x00\x00\x00" +
		"\x00\x00\x00\x00\x00\x00\x00\x00\x85\x00\x00\x00\x00\x00\x00\x01" +
		"\x15\x00\x00\x02\x00\x00\x00\x00\x71\x10\x00\x00\x00\x00\x00\x00" +
		"\x15\x10\x00\x01\x00\x00\x00\x00\xb7\x60\x00\x00\x00\x00\x00\x01" +
		"\xbf\x06\x00\x00\x00\x00\x00\x00\x05\x00\x00\x0a\x00\x00\x00\x00" +
		"\x57\x20\x00\x00\x00\x00\x00\xff\xbf\x3a\x00\x00\x00\x00\x00\x00" +
		"\x07\x30\x00\x00\xff\xff\xff\xec\xbf\x16\x00\x00\x00\x00\x00\x00" +
		"\xb7\x40\x00\x00\x00\x00\x00\x08\x85\x00\x00\x00\x00\x00\x00\x1a" +
		"\xb7\x10\x00\x00\x00\x00\x00\x00\x6d\x10\x00\x01\x00\x00\x00\x00" +
		"\x05\x00\xff\xd6\x00\x00\x00\x00\xb7\x00\x00\x00\x00\x00\x00\x01" +
		"\x95\x00\x00\x00\x00\x00\x00\x00\x00\x00\x00\x00\x00\x00\x00\x00" +
		"\x00\x00\x00\x00\x00\x00\x00\x00\x00\x00\x00\x00\x00\x00\x00\x00" +
		"\x00\x00\x00\x00\x00\x00\x00\x00\x00\x00\x00\x00\x00\x00\x00\x00" +
		"\x00\x00\x00\x00\x00\x00\x00\x00\x00\x00\x00\x00\x00\x00\x00\x00" +
		"\x00\x00\x00\x00\x00\x00\x00\x00\x00\x00\x00\x00\x00\x00\x00\x00" +
		"\x00\x00\x00\x00\x00\x00\x00\x00\x00\x00\x00\x00\x00\x00\x00\x00" +
		"\x00\x00\x00\x00\x00\x00\x00\x00\x00\x00\x00\x00\x00\x00\x00\x00" +
		"\x00\x00\x00\x00\x00\x00\x00\x00\x00\x00\x00\x00\x00\x00\x00\x00" +
		"\x00\x00\x00\x00\x00\x00\x00\x00\x00\x00\x00\x00\x00\x00\x00\x00" +
		"\x00\x00\x00\x00\x00\x00\x00\x00\x00\x00\x00\x00\x00\x00\x00\x00" +
		"\x00\x00\x00\x00\x00\x00\x00\x00\x00\x00\x00\x00\x00\x00\x00\x00" +
		"\x00\x00\x00\x00\x00\x00\x00\x00\x00\x00\x00\x00\x00\x00\x00\x00" +
		"\x47\x50\x4c\x00\x00\x00\x0b\xef\x00\x05\x08\x00\x00\x00\x00\x5a" +
		"\x00\x00\x01\x68\x00\x00\x01\x8b\x00\x00\x02\x0a\x00\x00\x02\x7b" +
		"\x00\x00\x02\xd3\x00\x00\x03\x34\x00\x00\x03\x44\x00\x00\x03\x58" +
		"\x00\x00\x03\xaa\x00\x00\x03\xd0\x00\x00\x03\xe8\x00\x00\x04\x19" +
		"\x00\x00\x04\x4a\x00\x00\x04\x5b\x00\x00\x04\x6c\x00\x00\x04\x7d" +
		"\x00\x00\x04\x87\x00\x00\x04\x98\x00\x00\x04\xa2\x00\x00\x04\xb7" +
		"\x00\x00\x04\xc8\x00\x00\x04\xd4\x00\x00\x04\xe5\x00\x00\x04\xf6" +
		"\x00\x00\x05\x07\x00\x00\x05\x11\x00\x00\x05\x22\x00\x00\x05\x35" +
		"\x00\x00\x05\x48\x00\x00\x05\x59\x00\x00\x05\x6c\x00\x00\x05\x7f" +
		"\x00\x00\x05\x92\x00\x00\x05\xa3\x00\x00\x05\xad\x00\x00\x05\xb9" +
		"\x00\x00\x05\xdc\x00\x00\x06\x5b\x00\x00\x06\xe3\x00\x00\x07\x49" +
		"\x00\x00\x07\xaa\x00\x00\x07\xba\x00\x00\x07\xce\x00\x00\x08\x18" +
		"\x00\x00\x08\x30\x00\x00\x08\x48\x00\x00\x08\x79\x00\x00\x08\xaa" +
		"\x00\x00\x08\xb4\x00\x00\x08\xbe\x00\x00\x08\xcf\x00\x00\x08\xd9" +
		"\x00\x00\x08\xe3\x00\x00\x08\xed\x00\x00\x08\xf7\x00\x00\x09\x0c" +
		"\x00\x00\x09\x1d\x00\x00\x09\x29\x00\x00\x09\x33\x00\x00\x09\x3d" +
		"\x00\x00\x09\x4e\x00\x00\x09\x5f\x00\x00\x09\x69\x00\x00\x09\x7a" +
		"\x00\x00\x09\x8d\x00\x00\x09\xa0\x00\x00\x09\xb1\x00\x00\x09\xc4" +
		"\x00\x00\x09\xd7\x00\x00\x09\xea\x00\x00\x09\xfb\x00\x00\x0a\x05" +
		"\x00\x00\x0a\x11\x00\x00\x0a\x26\x00\x00\x0a\x36\x00\x00\x0a\x48" +
		"\x00\x00\x0a\xbe\x00\x00\x0a\xd4\x00\x00\x0a\xde\x00\x00\x0a\xe8" +
		"\x00\x00\x0a\xf2\x00\x00\x0a\xfc\x00\x00\x0b\x11\x00\x00\x0b\x21" +
		"\x00\x00\x0b\x33\x00\x00\x0b\xa9\x00\x00\x0b\xbf\x00\x00\x0b\xc9" +
		"\x00\x00\x0b\xd3\x00\x00\x0b\xdd\x01\x07\x04\x00\x08\x01\x51\x04" +
		"\x08\xe0\x02\x01\x56\x04\x88\x04\xd0\x04\x01\x56\x04\xf0\x0a\xf0" +
		"\x0d\x01\x56\x04\x98\x0f\xe0\x0f\x01\x56\x00\x01\x07\x04\xf0\x0f" +
		"\xf8\x0f\x09\x7a\xe8\x00\x93\x10\x30\x9f\x93\x10\x04\xf8\x0f\x90" +
		"\x10\x10\x93\x04\x7a\xe8\x00\x23\x04\x93\x04\x7a\xe8\x00\x23\x08" +
		"\x93\x18\x04\x90\x10\xf0\x10\x12\x93\x04\x7a\xe8\x00\x23\x04\x93" +
		"\x04\x93\x08\x7a\xe8\x00\x23\x10\x93\x04\x04\xf0\x10\xf8\x10\x0c" +
		"\x7a\xe8\x00\x93\x04\x7a\xe8\x00\x23\x04\x93\x1c\x04\xf8\x10\xc0" +
		"\x11\x0e\x7a\xe8\x00\x93\x04\x93\x10\x7a\xe8\x00\x23\x14\x93\x0c" +
		"\x04\xc0\x11\xe8\x11\x13\x7a\xe8\x00\x93\x08\x7a\xe8\x00\x23\x08" +
		"\x93\x08\x7a\xe8\x00\x23\x10\x93\x10\x00\x01\x07\x04\xe8\x04\xf0" +
		"\x04\x13\x7a\xe8\x00\x93\x08\x7a\xe8\x00\x23\x08\x93\x08\x7a\xe8" +
		"\x00\x23\x10\x93\x08\x04\xf0\x04\xb0\x05\x10\x93\x04\x7a\xe8\x00" +
		"\x23\x04\x93\x04\x7a\xe8\x00\x23\x08\x93\x10\x04\xb0\x05\xb8\x05" +
		"\x0c\x7a\xe8\x00\x93\x04\x7a\xe8\x00\x23\x04\x93\x14\x04\xb8\x05" +
		"\x80\x06\x0e\x7a\xe8\x00\x93\x04\x93\x0c\x7a\xe8\x00\x23\x10\x93" +
		"\x04\x04\x80\x06\xa8\x06\x13\x7a\xe8\x00\x93\x08\x7a\xe8\x00\x23" +
		"\x08\x93\x08\x7a\xe8\x00\x23\x10\x93\x08\x00\x01\x07\x04\x08\x30" +
		"\x06\x93\x04\x7a\x30\x93\x0c\x04\x30\xb0\x01\x08\x30\x9f\x93\x04" +
		"\x7a\x30\x93\x0c\x04\xb0\x01\x90\x12\x06\x93\x04\x7a\x30\x93\x0c" +
		"\x04\x90\x12\xf0\x13\x07\x59\x93\x04\x7a\x30\x93\x0c\x04\xf0\x13" +
		"\xd0\x16\x06\x93\x04\x7a\x30\x93\x0c\x04\xd0\x16\x80\x17\x07\x59" +
		"\x93\x04\x7a\x30\x93\x0c\x04\x80\x17\xc8\x1a\x06\x93\x04\x7a\x30" +
		"\x93\x0c\x00\x01\x07\x04\x08\x20\x07\x93\x04\x7a\xc0\x00\x93\x0c" +
		"\x04\x20\xa0\x01\x09\x30\x9f\x93\x04\x7a\xc0\x00\x93\x0c\x04\xa0" +
		"\x01\x90\x12\x07\x93\x04\x7a\xc0\x00\x93\x0c\x04\x90\x12\xf0\x13" +
		"\x09\x7a\x18\x93\x04\x7a\xc0\x00\x93\x0c\x04\xf0\x13\xd0\x16\x07" +
		"\x93\x04\x7a\xc0\x00\x93\x0c\x04\xd0\x16\xe8\x17\x09\x7a\x18\x93" +
		"\x04\x7a\xc0\x00\x93\x0c\x04\xe8\x17\xc8\x1a\x07\x93\x04\x7a\xc0" +
		"\x00\x93\x0c\x00\x01\x07\x04\x30\xd0\x02\x01\x56\x04\x88\x04\xc8" +
		"\x04\x01\x56\x00\x01\x07\x04\x30\xd0\x02\x03\x7a\xe8\x00\x04\x88" +
		"\x04\xc8\x04\x03\x7a\xe8\x00\x00\x01\x07\x04\x30\xd0\x02\x02\x30" +
		"\x9f\x04\xd0\x02\x88\x04\x02\x34\x9f\x04\x88\x04\xd0\x04\x02\x30" +
		"\x9f\x04\xd0\x04\xf0\x0a\x02\x34\x9f\x04\xf0\x0a\xd8\x0d\x02\x30" +
		"\x9f\x04\xd8\x0d\x98\x0f\x02\x36\x9f\x04\x98\x0f\xe0\x0f\x02\x30" +
		"\x9f\x04\xe0\x0f\x88\x12\x02\x36\x9f\x04\xf0\x13\xd0\x16\x02\x36" +
		"\x9f\x04\x88\x18\x90\x1a\x02\x36\x9f\x00\x01\x07\x04\xd0\x02\x88" +
		"\x04\x01\x58\x04\xd0\x04\xc0\x06\x01\x58\x04\xf0\x08\xf0\x0a\x01" +
		"\x58\x04\xc8\x0c\xe8\x17\x01\x58\x04\x88\x18\xa8\x1a\x01\x58\x00" +
		"\x01\x07\x04\x88\x01\x90\x01\x01\x52\x04\xa0\x01\xf0\x01\x01\x52" +
		"\x04\x88\x04\x90\x04\x01\x52\x00\x01\x07\x04\xb8\x02\xc0\x02\x01" +
		"\x51\x04\xc0\x02\x88\x04\x02\x7a\x20\x04\xd0\x04\xf0\x0a\x02\x7a" +
		"\x20\x04\xc0\x0d\xc8\x0d\x01\x51\x04\xc8\x0d\x98\x0f\x02\x7a\x20" +
		"\x04\xe0\x0f\xa8\x1a\x02\x7a\x20\x00\x01\x07\x04\xd0\x02\xd8\x02" +
		"\x01\x53\x04\xd8\x02\x88\x04\x02\x7a\x10\x04\xd0\x04\xf0\x0a\x02" +
		"\x7a\x10\x04\xd8\x0d\xe0\x0d\x01\x52\x04\xe0\x0d\x98\x0f\x02\x7a" +
		"\x10\x04\xe0\x0f\xa8\x1a\x02\x7a\x10\x00\x01\x07\x04\x90\x03\xb0" +
		"\x03\x01\x50\x04\xd0\x04\xd8\x04\x01\x50\x00\x01\x07\x04\xe8\x03" +
		"\xf0\x03\x01\x50\x04\x90\x09\xc0\x09\x01\x50\x00\x01\x07\x04\xe0" +
		"\x04\xc0\x06\x01\x58\x04\xf0\x08\x90\x09\x01\x58\x00\x01\x07\x04" +
		"\xb0\x05\xd8\x05\x01\x51\x00\x01\x07\x04\xe0\x05\x80\x07\x01\x50" +
		"\x04\xf0\x08\x90\x09\x01\x50\x00\x01\x07\x04\xc8\x09\xf0\x0a\x01" +
		"\x56\x00\x01\x07\x04\xf0\x0a\xd8\x0d\x03\x7a\xe8\x00\x04\x98\x0f" +
		"\xd8\x0f\x03\x7a\xe8\x00\x00\x01\x07\x04\xf0\x0a\xd8\x0d\x01\x56" +
		"\x04\x98\x0f\xd8\x0f\x01\x56\x00\x01\x07\x04\xc0\x0b\xc0\x0c\x03" +
		"\x11\x00\x9f\x00\x01\x07\x04\xa0\x0e\xc0\x0e\x01\x50\x04\xe0\x0f" +
		"\xe8\x0f\x01\x50\x00\x01\x07\x04\xf8\x0e\x80\x0f\x01\x50\x04\x88" +
		"\x18\xb8\x18\x01\x50\x00\x01\x07\x04\xf0\x0f\xd8\x10\x01\x58\x04" +
		"\xd8\x10\xe0\x10\x01\x51\x00\x01\x07\x04\xf0\x10\x98\x11\x01\x51" +
		"\x00\x01\x07\x04\xa0\x11\xf0\x11\x01\x50\x04\xf0\x13\xc0\x14\x01" +
		"\x50\x00\x01\x07\x04\x90\x12\xf0\x13\x02\x7a\x10\x04\xd0\x16\xe8" +
		"\x17\x02\x7a\x10\x00\x01\x07\x04\x90\x12\xf0\x13\x02\x7a\x20\x04" +
		"\xd0\x16\xe8\x17\x02\x7a\x20\x00\x01\x07\x04\x90\x12\xf0\x13\x01" +
		"\x58\x04\xd0\x16\xe8\x17\x01\x58\x00\x01\x07\x04\x90\x12\xf0\x13" +
		"\x02\x30\x9f\x04\xd0\x16\xe8\x17\x02\x30\x9f\x00\x01\x07\x04\x90" +
		"\x12\xf0\x13\x02\x30\x9f\x04\xd0\x16\xe8\x17\x02\x30\x9f\x00\x01" +
		"\x07\x04\x90\x12\xf0\x13\x02\x7a\x08\x04\xd0\x16\xe8\x17\x02\x7a" +
		"\x08\x00\x01\x07\x04\xc8\x12\xf0\x13\x01\x57\x04\xd0\x16\xe8\x17" +
		"\x01\x57\x00\x01\x07\x04\xc0\x18\x90\x1a\x01\x56\x00\x01\x07\x04" +
		"\xd8\x18\xb0\x19\x03\x11\x00\x9f\x00\x01\x0d\x04\x00\x08\x01\x51" +
		"\x04\x08\x90\x03\x01\x56\x04\xf8\x08\xc0\x09\x01\x56\x04\xc8\x0b" +
		"\xf8\x0e\x01\x56\x04\xc0\x17\x88\x18\x01\x56\x00\x01\x0d\x04\xa8" +
		"\x10\xb8\x10\x09\x7a\xf0\x00\x93\x10\x30\x9f\x93\x10\x04\xb8\x10" +
		"\xd0\x10\x10\x93\x04\x7a\xf0\x00\x23\x04\x93\x04\x7a\xf0\x00\x23" +
		"\x08\x93\x18\x04\xd0\x10\xb8\x11\x12\x93\x04\x7a\xf0\x00\x23\x04" +
		"\x93\x04\x93\x08\x7a\xf0\x00\x23\x10\x93\x04\x04\xb8\x11\xc0\x11" +
		"\x0c\x7a\xf0\x00\x93\x04\x7a\xf0\x00\x23\x04\x93\x1c\x04\xc0\x11" +
		"\xb0\x12\x0e\x7a\xf0\x00\x93\x04\x93\x10\x7a\xf0\x00\x23\x14\x93" +
		"\x0c\x04\xb0\x12\xd8\x12\x13\x7a\xf0\x00\x93\x08\x7a\xf0\x00\x23" +
		"\x08\x93\x08\x7a\xf0\x00\x23\x10\x93\x10\x00\x01\x0d\x04\xc0\x04" +
		"\x90\x05\x10\x93\x04\x7a\xf0\x00\x23\x04\x93\x04\x7a\xf0\x00\x23" +
		"\x08\x93\x10\x04\x90\x05\xa0\x05\x0c\x7a\xf0\x00\x93\x04\x7a\xf0" +
		"\x00\x23\x04\x93\x14\x04\xa0\x05\xa8\x05\x13\x7a\xf0\x00\x93\x08" +
		"\x7a\xf0\x00\x23\x08\x93\x08\x7a\xf0\x00\x23\x10\x93\x08\x04\xa8" +
		"\x05\x98\x06\x13\x7a\xf0\x00\x93\x08\x7a\xf0\x00\x23\x08\x93\x08" +
		"\x7a\xf0\x00\x23\x10\x93\x04\x04\x98\x06\xc0\x06\x13\x7a\xf0\x00" +
		"\x93\x08\x7a\xf0\x00\x23\x08\x93\x08\x7a\xf0\x00\x23\x10\x93\x08" +
		"\x04\xc0\x06\xf8\x08\x0c\x7a\xf0\x00\x93\x08\x7a\xf0\x00\x23\x08" +
		"\x93\x08\x00\x01\x0d\x04\x08\x30\x06\x93\x04\x7a\x38\x93\x0c\x04" +
		"\x30\xb0\x01\x08\x30\x9f\x93\x04\x7a\x38\x93\x0c\x04\xb0\x01\x80" +
		"\x13\x06\x93\x04\x7a\x38\x93\x0c\x04\x80\x13\xc0\x13\x08\x7a\x10" +
		"\x93\x04\x7a\x38\x93\x0c\x04\xc0\x13\xe8\x14\x07\x59\x93\x04\x7a" +
		"\x38\x93\x0c\x04\xe8\x14\x88\x18\x06\x93\x04\x7a\x38\x93\x0c\x04" +
		"\x88\x18\xb8\x18\x07\x59\x93\x04\x7a\x38\x93\x0c\x04\xb8\x18\x88" +
		"\x1c\x06\x93\x04\x7a\x38\x93\x0c\x00\x01\x0d\x04\x08\x20\x07\x93" +
		"\x04\x7a\xc8\x00\x93\x0c\x04\x20\xa0\x01\x09\x30\x9f\x93\x04\x7a" +
		"\xc8\x00\x93\x0c\x04\xa0\x01\x80\x13\x07\x93\x04\x7a\xc8\x00\x93" +
		"\x0c\x04\x80\x13\xe8\x14\x09\x7a\x20\x93\x04\x7a\xc8\x00\x93\x0c" +
		"\x04\xe8\x14\x88\x18\x07\x93\x04\x7a\xc8\x00\x93\x0c\x04\x88\x18" +
		"\xa8\x19\x09\x7a\x20\x93\x04\x7a\xc8\x00\x93\x0c\x04\xa8\x19\x88" +
		"\x1c\x07\x93\x04\x7a\xc8\x00\x93\x0c\x00\x01\x0d\x04\x30\xd0\x02" +
		"\x01\x56\x04\xf8\x08\xb8\x09\x01\x56\x00\x01\x0d\x04\x30\xd0\x02" +
		"\x03\x7a\xf0\x00\x04\xf8\x08\xb8\x09\x03\x7a\xf0\x00\x00\x01\x0d" +
		"\x04\x30\xd0\x02\x02\x30\x9f\x04\xd0\x02\xf8\x08\x02\x34\x9f\x04" +
		"\xf8\x08\xc0\x09\x02\x30\x9f\x04\xc0\x09\xc8\x0b\x02\x34\x9f\x04" +
		"\xc8\x0b\xb8\x0e\x02\x30\x9f\x04\xb8\x0e\xf8\x12\x02\x36\x9f\x04" +
		"\xe8\x14\xc0\x17\x02\x36\x9f\x04\xc0\x17\x88\x18\x02\x30\x9f\x04" +
		"\xc8\x19\xd0\x1b\x02\x36\x9f\x00\x01\x0d\x04\xd0\x02\xf8\x08\x01" +
		"\x58\x04\xc0\x09\xc8\x0b\x01\x58\x04\xa8\x0d\xe8\x1b\x01\x58\x00" +
		"\x01\x0d\x04\x88\x01\x90\x01\x01\x52\x04\xa0\x01\xf0\x01\x01\x52" +
		"\x04\xf8\x08\x80\x09\x01\x52\x00\x01\x0d\x04\xb8\x02\xc0\x02\x01" +
		"\x51\x04\xc0\x02\xf8\x08\x02\x7a\x28\x04\xc0\x09\xc8\x0b\x02\x7a" +
		"\x28\x04\xa0\x0e\xa8\x0e\x01\x51\x04\xa8\x0e\xc0\x17\x02\x7a\x28" +
		"\x04\x88\x18\xe8\x1b\x02\x7a\x28\x00\x01\x0d\x04\xd0\x02\xd8\x02" +
		"\x01\x53\x04\xd8\x02\xf8\x08\x02\x7a\x18\x04\xc0\x09\xc8\x0b\x02" +
		"\x7a\x18\x04\xb8\x0e\xc0\x0e\x01\x52\x04\xc0\x0e\xc0\x17\x02\x7a" +
		"\x18\x04\x88\x18\xe8\x1b\x02\x7a\x18\x00\x01\x0d\x04\x88\x03\xd8" +
		"\x03\x01\x50\x00\x01\x0d\x04\xd8\x03\xe8\x03\x01\x50\x00\x01\x0d" +
		"\x04\xb0\x04\xb8\x04\x01\x50\x04\xe0\x09\x90\x0a\x01\x50\x00\x01" +
		"\x0d\x04\xc0\x04\xf8\x08\x01\x58\x00\x01\x0d\x04\x90\x05\xa0\x05" +
		"\x01\x51\x00\x01\x0d\x04\xd0\x05\x90\x07\x01\x50\x00\x01\x0d\x04" +
		"\x98\x0a\xc8\x0b\x01\x56\x00\x01\x0d\x04\xc8\x0b\xb8\x0e\x03\x7a" +
		"\xf0\x00\x04\xc0\x17\x80\x18\x03\x7a\xf0\x00\x00\x01\x0d\x04\xc8" +
		"\x0b\xb8\x0e\x01\x56\x04\xc0\x17\x80\x18\x01\x56\x00\x01\x0d\x04" +
		"\x98\x0c\x98\x0d\x03\x11\x00\x9f\x00\x01\x0d\x04\xf0\x0e\xc0\x0f" +
		"\x01\x50\x00\x01\x0d\x04\xc0\x0f\xd0\x0f\x01\x50\x00\x01\x0d\x04" +
		"\x98\x10\xa0\x10\x01\x50\x04\xc8\x19\xf0\x19\x01\x50\x00\x01\x0d" +
		"\x04\xa8\x10\x98\x11\x01\x58\x04\x98\x11\xa0\x11\x01\x51\x00\x01" +
		"\x0d\x04\xb8\x11\xe0\x11\x01\x51\x00\x01\x0d\x04\xe8\x11\xe0\x12" +
		"\x01\x50\x04\xe8\x14\xb0\x15\x01\x50\x00\x01\x0d\x04\x80\x13\xe8" +
		"\x14\x02\x7a\x18\x04\x88\x18\xa8\x19\x02\x7a\x18\x00\x01\x0d\x04" +
		"\x80\x13\xe8\x14\x02\x7a\x28\x04\x88\x18\xa8\x19\x02\x7a\x28\x00" +
		"\x01\x0d\x04\x80\x13\xe8\x14\x01\x58\x04\x88\x18\xa8\x19\x01\x58" +
		"\x00\x01\x0d\x04\x80\x13\xe8\x14\x02\x31\x9f\x04\x88\x18\xa8\x19" +
		"\x02\x31\x9f\x00\x01\x0d\x04\x80\x13\xe8\x14\x02\x30\x9f\x04\x88" +
		"\x18\xa8\x19\x02\x30\x9f\x00\x01\x0d\x04\x80\x13\xe8\x14\x02\x7a" +
		"\x08\x04\x88\x18\xa8\x19\x02\x7a\x08\x00\x01\x0d\x04\xb8\x13\xe8" +
		"\x14\x01\x57\x04\x88\x18\xa8\x19\x01\x57\x00\x01\x0d\x04\xf8\x19" +
		"\xd0\x1b\x01\x56\x00\x01\x0d\x04\x90\x1a\xe8\x1a\x03\x11\x00\x9f" +
		"\x00\x01\x15\x04\x00\x08\x01\x51\x04\x08\xb8\x02\x01\x56\x04\xe8" +
		"\x03\xb8\x04\x01\x56\x00\x01\x15\x04\x08\xf8\x01\x01\x56\x04\xe8" +
		"\x03\xa8\x04\x01\x56\x00\x01\x15\x04\x08\xf8\x01\x02\x7a\x00\x04" +
		"\xe8\x03\xa8\x04\x02\x7a\x00\x00\x01\x15\x04\x08\x98\x02\x02\x7a" +
		"\x00\x04\x98\x02\xa0\x02\x08\x7a\x00\x93\x04\x7a\x04\x93\x14\x04" +
		"\xa0\x02\xb0\x02\x0c\x7a\x00\x93\x04\x7a\x04\x93\x04\x7a\x08\x93" +
		"\x10\x04\xb0\x02\xd0\x02\x0c\x7a\x00\x93\x08\x7a\x08\x93\x08\x7a" +
		"\x10\x93\x08\x04\xd0\x02\x90\x03\x0c\x7a\x00\x93\x08\x7a\x08\x93" +
		"\x08\x7a\x10\x93\x04\x04\x90\x03\xc0\x03\x0c\x7a\x00\x93\x08\x7a" +
		"\x08\x93\x08\x7a\x10\x93\x08\x04\xc0\x03\xe8\x03\x08\x7a\x00\x93" +
		"\x08\x7a\x08\x93\x08\x04\xe8\x03\xb8\x04\x02\x7a\x00\x00\x01\x15" +
		"\x04\x68\x70\x01\x52\x04\x80\x01\xb0\x01\x01\x52\x04\xe8\x03\xf0" +
		"\x03\x01\x52\x00\x01\x15\x04\xf8\x01\xe8\x03\x01\x57\x00\x01\x15" +
		"\x04\xf8\x01\xa8\x02\x01\x51\x00\x01\x15\x04\x98\x02\xe8\x03\x01" +
		"\x58\x00\x01\x15\x04\xf8\x02\xe0\x03\x01\x50\x00\x01\x16\x04\x00" +
		"\x08\x01\x51\x04\x08\xc0\x02\x01\x56\x04\xf0\x03\xc0\x04\x01\x56" +
		"\x00\x01\x16\x04\x08\xf8\x01\x01\x56\x04\xf0\x03\xb0\x04\x01\x56" +
		"\x00\x01\x16\x04\x08\xf8\x01\x02\x7a\x00\x04\xf0\x03\xb0\x04\x02" +
		"\x7a\x00\x00\x01\x16\x04\x08\xa0\x02\x02\x7a\x00\x04\xa0\x02\xa8" +
		"\x02\x08\x7a\x00\x93\x04\x7a\x04\x93\x14\x04\xa8\x02\xb8\x02\x0c" +
		"\x7a\x00\x93\x04\x7a\x04\x93\x04\x7a\x08\x93\x10\x04\xb8\x02\xd8" +
		"\x02\x0c\x7a\x00\x93\x08\x7a\x08\x93\x08\x7a\x10\x93\x08\x04\xd8" +
		"\x02\x98\x03\x0c\x7a\x00\x93\x08\x7a\x08\x93\x08\x7a\x10\x93\x04" +
		"\x04\x98\x03\xc8\x03\x0c\x7a\x00\x93\x08\x7a\x08\x93\x08\x7a\x10" +
		"\x93\x08\x04\xc8\x03\xf0\x03\x08\x7a\x00\x93\x08\x7a\x08\x93\x08" +
		"\x04\xf0\x03\xc0\x04\x02\x7a\x00\x00\x01\x16\x04\x68\x70\x01\x52" +
		"\x04\x80\x01\xb0\x01\x01\x52\x04\xf0\x03\xf8\x03\x01\x52\x00\x01" +
		"\x16\x04\xf8\x01\xf0\x03\x01\x57\x00\x01\x16\x04\xf8\x01\xb0\x02" +
		"\x01\x51\x00\x01\x16\x04\xa0\x02\xf0\x03\x01\x58\x00\x01\x16\x04" +
		"\x80\x03\xe8\x03\x01\x50\x00\x01\x11\x01\x25\x25\x13\x05\x03\x25" +
		"\x72\x17\x10\x17\x1b\x25\x11\x01\x55\x23\x73\x17\x74\x17\x8c\x01" +
		"\x17\x00\x00\x02\x34\x00\x03\x25\x49\x13\x3f\x19\x3a\x0b\x3b\x05" +
		"\x02\x18\x00\x00\x03\x01\x01\x49\x13\x00\x00\x04\x21\x00\x49\x13" +
		"\x37\x0b\x00\x00\x05\x24\x00\x03\x25\x3e\x0b\x0b\x0b\x00\x00\x06" +
		"\x24\x00\x03\x25\x0b\x0b\x3e\x0b\x00\x00\x07\x34\x00\x03\x25\x49" +
		"\x13\x3f\x19\x3a\x0b\x3b\x0b\x02\x18\x00\x00\x08\x13\x01\x0b\x0b" +
		"\x3a\x0b\x3b\x0b\x00\x00\x09\x0d\x00\x03\x25\x49\x13\x3a\x0b\x3b" +
		"\x0b\x38\x0b\x00\x00\x0a\x0f\x00\x49\x13\x00\x00\x0b\x21\x00\x49" +
		"\x13\x37\x05\x00\x00\x0c\x13\x01\x03\x25\x0b\x0b\x3a\x0b\x3b\x0b" +
		"\x00\x00\x0d\x16\x00\x49\x13\x03\x25\x3a\x0b\x3b\x0b\x00\x00\x0e" +
		"\x21\x00\x49\x13\x37\x06\x00\x00\x0f\x34\x00\x03\x25\x49\x13\x3a" +
		"\x0b\x3b\x0b\x1c\x0f\x00\x00\x10\x15\x01\x49\x13\x27\x19\x00\x00" +
		"\x11\x05\x00\x49\x13\x00\x00\x12\x26\x00\x00\x00\x13\x0f\x00\x00" +
		"\x00\x14\x15\x00\x49\x13\x27\x19\x00\x00\x15\x15\x01\x27\x19\x00" +
		"\x00\x16\x2e\x01\x03\x25\x3a\x0b\x3b\x05\x27\x19\x49\x13\x20\x21" +
		"\x01\x00\x00\x17\x05\x00\x03\x25\x3a\x0b\x3b\x05\x49\x13\x00\x00" +
		"\x18\x34\x00\x03\x25\x3a\x0b\x3b\x05\x49\x13\x00\x00\x19\x0b\x01" +
		"\x00\x00\x1a\x2e\x01\x03\x25\x3a\x0b\x3b\x0b\x27\x19\x20\x21\x01" +
		"\x00\x00\x1b\x05\x00\x03\x25\x3a\x0b\x3b\x0b\x49\x13\x00\x00\x1c" +
		"\x34\x00\x03\x25\x3a\x0b\x3b\x0b\x49\x13\x00\x00\x1d\x17\x01\x0b" +
		"\x0b\x3a\x0b\x3b\x0b\x00\x00\x1e\x2e\x01\x11\x1b\x12\x06\x40\x18" +
		"\x7a\x19\x03\x25\x3a\x0b\x3b\x05\x27\x19\x49\x13\x3f\x19\x00\x00" +
		"\x1f\x05\x00\x02\x22\x03\x25\x3a\x0b\x3b\x05\x49\x13\x00\x00\x20" +
		"\x34\x00\x02\x22\x03\x25\x3a\x0b\x3b\x05\x49\x13\x00\x00\x21\x1d" +
		"\x01\x31\x13\x55\x23\x58\x0b\x59\x05\x57\x0b\x00\x00\x22\x05\x00" +
		"\x02\x22\x31\x13\x00\x00\x23\x34\x00\x02\x22\x31\x13\x00\x00\x24" +
		"\x0b\x01\x11\x1b\x12\x06\x00\x00\x25\x0b\x01\x55\x23\x00\x00\x26" +
		"\x34\x00\x02\x18\x03\x25\x3a\x0b\x3b\x05\x49\x13\x00\x00\x27\x1d" +
		"\x01\x31\x13\x11\x1b\x12\x06\x58\x0b\x59\x05\x57\x0b\x00\x00\x28" +
		"\x05\x00\x02\x18\x31\x13\x00\x00\x29\x05\x00\x1c\x0f\x31\x13\x00" +
		"\x00\x2a\x1d\x00\x31\x13\x55\x23\x58\x0b\x59\x0b\x00\x00\x2b\x34" +
		"\x00\x1c\x0d\x03\x25\x3a\x0b\x3b\x05\x49\x13\x00\x00\x2c\x1d\x00" +
		"\x31\x13\x11\x1b\x12\x06\x58\x0b\x59\x0b\x00\x00\x00\x00\x00\x0c" +
		"\xcd\x00\x05\x01\x08\x00\x00\x00\x00\x01\x00\x00\x1d\x01\x00\x00" +
		"\x00\x08\x00\x00\x00\x00\x02\x00\x00\x00\x00\x00\x00\x00\x00\x18" +
		"\x00\x00\x00\x08\x00\x00\x00\x0c\x00\x00\x00\x0c\x02\x03\x00\x00" +
		"\x00\x3b\x00\x02\xe5\x02\xa1\x00\x03\x00\x00\x00\x47\x04\x00\x00" +
		"\x00\x4b\x04\x00\x05\x04\x06\x01\x06\x05\x08\x07\x07\x06\x00\x00" +
		"\x00\x5a\x00\xb4\x02\xa1\x01\x08\x28\x00\xad\x09\x07\x00\x00\x00" +
		"\x8c\x00\xaf\x00\x09\x09\x00\x00\x00\xa1\x00\xb0\x08\x09\x0a\x00" +
		"\x00\x00\xb3\x00\xb1\x10\x09\x0b\x00\x00\x00\xc4\x00\xb2\x18\x09" +
		"\x18\x00\x00\x01\x2c\x00\xb3\x20\x00\x0a\x00\x00\x00\x91\x03\x00" +
		"\x00\x00\x9d\x04\x00\x00\x00\x4b\x0b\x00\x05\x08\x05\x04\x0a\x00" +
		"\x00\x00\xa6\x03\x00\x00\x00\x9d\x0b\x00\x00\x00\x4b\x27\x10\x00" +
		"\x0a\x00\x00\x00\xb8\x03\x00\x00\x00\x9d\x04\x00\x00\x00\x4b\x01" +
		"\x00\x0a\x00\x00\x00\xc9\x0c\x17\x18\x00\x89\x09\x0c\x00\x00\x00" +
		"\xfc\x00\x8b\x00\x09\x0f\x00\x00\x00\xfc\x00\x8c\x04\x09\x10\x00" +
		"\x00\x01\x08\x00\x8d\x08\x09\x13\x00\x00\x01\x14\x00\x8e\x10\x09" +
		"\x16\x00\x00\x01\x14\x00\x8f\x14\x00\x0d\x00\x00\x01\x04\x0e\x00" +
		"\x08\x05\x0d\x07\x04\x0d\x00\x00\x01\x10\x12\x00\x09\x05\x11\x07" +
		"\x08\x03\x00\x00\x01\x20\x04\x00\x00\x00\x4b\x04\x00\x0d\x00\x00" +
		"\x01\x28\x15\x00\x06\x05\x14\x08\x01\x0a\x00\x00\x01\x31\x0c\x1a" +
		"\x04\x00\x9c\x09\x19\x00\x00\x01\x20\x00\x9e\x00\x09\x16\x00\x00" +
		"\x01\x49\x00\x9f\x01\x00\x03\x00\x00\x01\x20\x04\x00\x00\x00\x4b" +
		"\x03\x00\x07\x1b\x00\x00\x01\x60\x00\xbd\x02\xa1\x02\x08\x28\x00" +
		"\xb6\x09\x07\x00\x00\x00\x8c\x00\xb8\x00\x09\x09\x00\x00\x00\xa1" +
		"\x00\xb9\x08\x09\x0a\x00\x00\x00\xb3\x00\xba\x10\x09\x0b\x00\x00" +
		"\x01\x92\x00\xbb\x18\x09\x18\x00\x00\x01\x2c\x00\xbc\x20\x00\x0a" +
		"\x00\x00\x01\x97\x0c\x1c\x20\x00\x93\x09\x0c\x00\x00\x00\xfc\x00" +
		"\x95\x00\x09\x0f\x00\x00\x00\xfc\x00\x96\x04\x09\x10\x00\x00\x01" +
		"\x08\x00\x97\x08\x09\x13\x00\x00\x01\xc1\x00\x98\x10\x00\x03\x00" +
		"\x00\x01\x20\x04\x00\x00\x00\x4b\x10\x00\x07\x1d\x00\x00\x01\xd8" +
		"\x00\xc9\x02\xa1\x03\x08\x20\x00\xc3\x09\x07\x00\x00\x00\xb3\x00" +
		"\xc5\x00\x09\x09\x00\x00\x02\x01\x00\xc6\x08\x09\x0b\x00\x00\x02" +
		"\x15\x00\xc7\x10\x09\x18\x00\x00\x02\x1a\x00\xc8\x18\x00\x0a\x00" +
		"\x00\x02\x06\x03\x00\x00\x00\x9d\x0e\x00\x00\x00\x4b\x00\x03\x0d" +
		"\x40\x00\x0a\x00\x00\x01\x08\x0a\x00\x00\x01\x20\x07\x1e\x00\x00" +
		"\x02\x2a\x00\xd2\x02\xa1\x04\x08\x20\x00\xcc\x09\x07\x00\x00\x02" +
		"\x53\x00\xce\x00\x09\x09\x00\x00\x00\xb3\x00\xcf\x08\x09\x0b\x00" +
		"\x00\x02\x64\x00\xd0\x10\x09\x18\x00\x00\x02\x69\x00\xd1\x18\x00" +
		"\x0a\x00\x00\x02\x58\x03\x00\x00\x00\x9d\x04\x00\x00\x00\x4b\x02" +
		"\x00\x0a\x00\x00\x00\xfc\x0a\x00\x00\x02\x6e\x0c\x20\x04\x00\xa3" +
		"\x09\x1f\x00\x00\x01\x20\x00\xa7\x00\x09\x16\x00\x00\x01\x49\x00" +
		"\xa8\x01\x00\x07\x21\x00\x00\x02\x91\x00\xde\x02\xa1\x05\x08\x18" +
		"\x00\xd9\x09\x07\x00\x00\x02\xb1\x00\xdb\x00\x09\x0b\x00\x00\x02" +
		"\x15\x00\xdc\x08\x09\x18\x00\x00\x02\x15\x00\xdd\x10\x00\x0a\x00" +
		"\x00\x02\xb6\x03\x00\x00\x00\x9d\x04\x00\x00\x00\x4b\x13\x00\x07" +
		"\x22\x00\x00\x02\xcd\x00\xf3\x02\xa1\x06\x08\x10\x00\xef\x09\x07" +
		"\x00\x00\x02\xe4\x00\xf1\x00\x09\x09\x00\x00\x02\xf5\x00\xf2\x08" +
		"\x00\x0a\x00\x00\x02\xe9\x03\x00\x00\x00\x9d\x04\x00\x00\x00\x4b" +
		"\x1b\x00\x0a\x00\x00\x02\xfa\x03\x00\x00\x00\x9d\x0e\x00\x00\x00" +
		"\x4b\x00\x04\x00\x00\x00\x0f\x23\x00\x00\x03\x12\x00\x20\x1a\x0a" +
		"\x00\x00\x03\x17\x10\x00\x00\x03\x31\x11\x00\x00\x03\x35\x11\x00" +
		"\x00\x00\xfc\x11\x00\x00\x03\x3b\x11\x00\x00\x00\xfc\x00\x05\x24" +
		"\x05\x08\x0a\x00\x00\x03\x3a\x12\x13\x0f\x25\x00\x00\x03\x45\x00" +
		"\x1e\x01\x0a\x00\x00\x03\x4a\x10\x00\x00\x03\x3b\x11\x00\x00\x03" +
		"\x3b\x11\x00\x00\x03\x3b\x00\x0f\x26\x00\x00\x03\x63\x00\x22\x50" +
		"\x0a\x00\x00\x03\x68\x14\x00\x00\x01\x08\x0f\x27\x00\x00\x03\x77" +
		"\x00\x24\x83\x01\x0a\x00\x00\x03\x7c\x10\x00\x00\x03\x3b\x11\x00" +
		"\x00\x03\x3b\x11\x00\x00\x01\x08\x11\x00\x00\x01\x08\x00\x0f\x28" +
		"\x00\x00\x03\x63\x00\x21\x05\x0f\x29\x00\x00\x03\xa4\x00\x25\x84" +
		"\x01\x0a\x00\x00\x03\xa9\x15\x11\x00\x00\x03\x3b\x11\x00\x00\x01" +
		"\x08\x00\x0f\x2a\x00\x00\x03\xbe\x00\x23\x51\x0a\x00\x00\x03\xc3" +
		"\x10\x00\x00\x03\x3b\x11\x00\x00\x03\x3b\x11\x00\x00\x01\x08\x00" +
		"\x16\x2b\x00\x01\x2b\x00\x00\x00\x9d\x17\x2c\x00\x01\x2b\x00\x00" +
		"\x04\x3b\x17\x30\x00\x01\x2b\x00\x00\x02\x64\x17\x31\x00\x01\x2b" +
		"\x00\x00\x02\x64\x17\x32\x00\x01\x2c\x00\x00\x02\x1a\x17\x33\x00" +
		"\x01\x2c\x00\x00\x04\x58\x17\x36\x00\x01\x2c\x00\x00\x04\x58\x18" +
		"\x13\x00\x01\x2e\x00\x00\x04\x69\x18\x41\x00\x01\x3c\x00\x00\x01" +
		"\x20\x19\x18\x42\x00\x01\x43\x00\x00\x04\xc9\x00\x19\x18\x4b\x00" +
		"\x01\x4b\x00\x00\x05\x17\x00\x00\x0a\x00\x00\x04\x40\x0c\x2f\x08" +
		"\x00\x7d\x09\x2d\x00\x00\x00\xfc\x00\x7f\x00\x09\x2e\x00\x00\x00" +
		"\xfc\x00\x80\x04\x00\x0a\x00\x00\x04\x5d\x0d\x00\x00\x04\x65\x35" +
		"\x00\x07\x05\x34\x07\x02\x0c\x40\x14\x00\x40\x09\x37\x00\x00\x01" +
		"\x28\x00\x42\x00\x09\x38\x00\x00\x01\x28\x00\x43\x01\x09\x39\x00" +
		"\x00\x04\x65\x00\x44\x02\x09\x3a\x00\x00\x04\x65\x00\x45\x04\x09" +
		"\x3b\x00\x00\x04\x65\x00\x46\x06\x09\x3c\x00\x00\x01\x28\x00\x47" +
		"\x08\x09\x32\x00\x00\x01\x28\x00\x48\x09\x09\x3d\x00\x00\x04\x65" +
		"\x00\x49\x0a\x09\x3e\x00\x00\x01\x04\x00\x4a\x0c\x09\x3f\x00\x00" +
		"\x01\x04\x00\x4b\x10\x00\x0c\x4a\x14\x00\x67\x09\x43\x00\x00\x04" +
		"\x65\x00\x69\x00\x09\x44\x00\x00\x04\x65\x00\x6a\x02\x09\x45\x00" +
		"\x00\x01\x04\x00\x6b\x04\x09\x46\x00\x00\x01\x04\x00\x6c\x08\x09" +
		"\x47\x00\x00\x04\x65\x00\x6d\x0c\x09\x48\x00\x00\x04\x65\x00\x6e" +
		"\x0e\x09\x3d\x00\x00\x04\x65\x00\x6f\x10\x09\x49\x00\x00\x04\x65" +
		"\x00\x70\x12\x00\x0c\x4d\x08\x00\x74\x09\x43\x00\x00\x04\x65\x00" +
		"\x76\x00\x09\x44\x00\x00\x04\x65\x00\x77\x02\x09\x4c\x00\x00\x04" +
		"\x65\x00\x78\x04\x09\x3d\x00\x00\x04\x65\x00\x79\x06\x00\x1a\x4e" +
		"\x00\xf6\x1b\x30\x00\xf6\x00\x00\x02\x64\x1b\x31\x00\xf6\x00\x00" +
		"\x02\x64\x1b\x33\x00\xf7\x00\x00\x04\x5d\x1b\x36\x00\xf7\x00\x00" +
		"\x04\x5d\x1b\x32\x00\xf8\x00\x00\x01\x20\x1b\x4f\x00\xf8\x00\x00" +
		"\x01\x20\x1b\x19\x00\xf9\x00\x00\x01\x20\x1b\x50\x00\xf9\x00\x00" +
		"\x01\x20\x1c\x51\x00\xfb\x00\x00\x05\x99\x19\x18\x54\x00\x01\x11" +
		"\x00\x00\x00\x9d\x00\x00\x0a\x00\x00\x05\x9e\x0c\x53\x30\x00\xe1" +
		"\x09\x52\x00\x00\x01\x08\x00\xe3\x00\x09\x30\x00\x00\x05\xf5\x00" +
		"\xe4\x08\x09\x31\x00\x00\x05\xf5\x00\xe5\x18\x09\x33\x00\x00\x04" +
		"\x5d\x00\xe6\x28\x09\x36\x00\x00\x04\x5d\x00\xe7\x2a\x09\x32\x00" +
		"\x00\x01\x20\x00\xe8\x2c\x09\x4f\x00\x00\x01\x20\x00\xe9\x2d\x09" +
		"\x19\x00\x00\x01\x20\x00\xea\x2e\x09\x50\x00\x00\x01\x20\x00\xeb" +
		"\x2f\x00\x03\x00\x00\x00\xfc\x04\x00\x00\x00\x4b\x04\x00\x16\x55" +
		"\x00\x01\x5b\x00\x00\x00\x9d\x17\x2c\x00\x01\x5b\x00\x00\x04\x3b" +
		"\x17\x30\x00\x01\x5b\x00\x00\x02\x64\x17\x31\x00\x01\x5b\x00\x00" +
		"\x02\x64\x17\x32\x00\x01\x5c\x00\x00\x02\x1a\x17\x33\x00\x01\x5c" +
		"\x00\x00\x04\x58\x17\x36\x00\x01\x5c\x00\x00\x04\x58\x18\x13\x00" +
		"\x01\x5e\x00\x00\x06\x6b\x19\x18\x54\x00\x01\x66\x00\x00\x00\x9d" +
		"\x00\x19\x18\x42\x00\x01\x70\x00\x00\x04\xc9\x00\x19\x18\x4b\x00" +
		"\x01\x78\x00\x00\x05\x17\x00\x00\x0c\x60\x28\x00\x5b\x09\x56\x00" +
		"\x00\x01\x20\x00\x5d\x00\x09\x57\x00\x00\x01\x49\x00\x5e\x01\x09" +
		"\x58\x00\x00\x04\x5d\x00\x5f\x04\x09\x59\x00\x00\x01\x20\x00\x60" +
		"\x06\x09\x5a\x00\x00\x01\x20\x00\x61\x07\x09\x3e\x00\x00\x06\xb0" +
		"\x00\x62\x08\x09\x3f\x00\x00\x06\xb0\x00\x63\x18\x00\x0c\x5f\x10" +
		"\x00\x4e\x09\x5b\x00\x00\x06\xbe\x00\x55\x00\x1d\x10\x00\x50\x09" +
		"\x5c\x00\x00\x01\xc1\x00\x52\x00\x09\x5d\x00\x00\x06\xdf\x00\x53" +
		"\x00\x09\x5e\x00\x00\x05\xf5\x00\x54\x00\x00\x00\x03\x00\x00\x04" +
		"\x5d\x04\x00\x00\x00\x4b\x08\x00\x1e\x07\x00\x00\x0d\x48\x01\x5a" +
		"\x63\x00\x01\x93\x00\x00\x00\x9d\x1f\x00\x2c\x00\x01\x93\x00\x00" +
		"\x04\x3b\x20\x03\x31\x00\x01\x95\x00\x00\x05\xf5\x20\x04\x30\x00" +
		"\x01\x95\x00\x00\x05\xf5\x20\x07\x50\x00\x01\x98\x00\x00\x01\x20" +
		"\x20\x08\x32\x00\x01\x96\x00\x00\x01\x20\x20\x0a\x36\x00\x01\x97" +
		"\x00\x00\x04\x5d\x20\x0b\x33\x00\x01\x97\x00\x00\x04\x5d\x21\x00" +
		"\x00\x03\xd3\x00\x00\x01\x9b\x09\x22\x05\x00\x00\x03\xdc\x23\x06" +
		"\x00\x00\x04\x12\x23\x09\x00\x00\x04\x1b\x00\x21\x00\x00\x06\x01" +
		"\x01\x00\x01\x9f\x0e\x22\x13\x00\x00\x06\x0a\x23\x12\x00\x00\x06" +
		"\x40\x24\x08\x00\x00\x00\x80\x23\x14\x00\x00\x06\x4a\x00\x00\x25" +
		"\x02\x26\x02\x91\x2c\x67\x00\x01\xab\x00\x00\x00\xfc\x26\x03\x91" +
		"\xd0\x00\x62\x00\x01\xae\x00\x00\x01\x08\x20\x02\x0b\x00\x01\xbc" +
		"\x00\x00\x00\xc9\x20\x0c\x68\x00\x01\xac\x00\x00\x02\x69\x20\x0e" +
		"\x6a\x00\x01\xba\x00\x00\x01\x20\x20\x0f\x0f\x00\x01\xbb\x00\x00" +
		"\x00\xfc\x20\x10\x18\x00\x01\xc3\x00\x00\x01\x2c\x18\x1f\x00\x01" +
		"\xad\x00\x00\x01\x20\x25\x03\x20\x0d\x69\x00\x01\xb1\x00\x00\x02" +
		"\x1a\x27\x00\x00\x05\x41\x09\x00\x00\x00\xd8\x00\x01\xb4\x11\x28" +
		"\x02\x91\x10\x00\x00\x05\x55\x28\x02\x91\x20\x00\x00\x05\x5d\x28" +
		"\x01\x58\x00\x00\x05\x65\x29\x00\x00\x00\x05\x6d\x29\x01\x00\x00" +
		"\x05\x75\x29\x04\x00\x00\x05\x7d\x23\x11\x00\x00\x05\x85\x00\x00" +
		"\x2a\x00\x00\x05\x41\x04\x00\x00\x00\x25\x05\x26\x02\x91\x2c\x67" +
		"\x00\x01\xdd\x00\x00\x00\xfc\x26\x03\x91\xd0\x00\x62\x00\x01\xe0" +
		"\x00\x00\x01\x08\x20\x01\x0b\x00\x01\xef\x00\x00\x01\x97\x20\x15" +
		"\x68\x00\x01\xde\x00\x00\x02\x69\x20\x17\x6a\x00\x01\xeb\x00\x00" +
		"\x01\x20\x20\x18\x0f\x00\x01\xee\x00\x00\x00\xfc\x20\x19\x18\x00" +
		"\x01\xf9\x00\x00\x01\x2c\x18\x1f\x00\x01\xdf\x00\x00\x01\x20\x25" +
		"\x06\x20\x16\x69\x00\x01\xe3\x00\x00\x02\x1a\x27\x00\x00\x05\x41" +
		"\x0a\x00\x00\x01\x00\x00\x01\xe6\x11\x28\x02\x91\x10\x00\x00\x05" +
		"\x55\x28\x02\x91\x20\x00\x00\x05\x5d\x28\x01\x58\x00\x00\x05\x65" +
		"\x29\x00\x00\x00\x05\x6d\x29\x01\x00\x00\x05\x75\x29\x06\x00\x00" +
		"\x05\x7d\x23\x21\x00\x00\x05\x85\x25\x07\x23\x22\x00\x00\x05\x8e" +
		"\x00\x00\x00\x25\x08\x2b\x00\x54\x00\x01\xf4\x00\x00\x00\x9d\x00" +
		"\x2a\x00\x00\x05\x41\x09\x00\x00\x00\x2c\x00\x00\x05\x41\x0b\x00" +
		"\x00\x00\x18\x00\x00\x21\x00\x00\x05\x41\x0a\x00\x02\x12\x05\x22" +
		"\x1a\x00\x00\x05\x55\x22\x1b\x00\x00\x05\x5d\x22\x1c\x00\x00\x05" +
		"\x65\x22\x1d\x00\x00\x05\x6d\x22\x1e\x00\x00\x05\x75\x22\x1f\x00" +
		"\x00\x05\x7d\x23\x20\x00\x00\x05\x85\x00\x2c\x00\x00\x05\x41\x0c" +
		"\x00\x00\x00\x20\x00\x00\x00\x16\x61\x00\x01\x22\x00\x00\x01\x08" +
		"\x18\x62\x00\x01\x24\x00\x00\x02\x15\x00\x1e\x0d\x00\x00\x0e\x08" +
		"\x01\x5a\x64\x00\x02\x18\x00\x00\x00\x9d\x1f\x23\x2c\x00\x02\x18" +
		"\x00\x00\x04\x3b\x20\x26\x31\x00\x02\x1a\x00\x00\x05\xf5\x20\x27" +
		"\x30\x00\x02\x1a\x00\x00\x05\xf5\x20\x2a\x50\x00\x02\x1d\x00\x00" +
		"\x01\x20\x20\x2b\x32\x00\x02\x1b\x00\x00\x01\x20\x20\x2d\x36\x00" +
		"\x02\x1c\x00\x00\x04\x5d\x20\x2e\x33\x00\x02\x1c\x00\x00\x04\x5d" +
		"\x21\x00\x00\x03\xd3\x0b\x00\x02\x20\x09\x22\x28\x00\x00\x03\xdc" +
		"\x23\x29\x00\x00\x04\x12\x23\x2c\x00\x00\x04\x1b\x00\x21\x00\x00" +
		"\x06\x01\x0c\x00\x02\x24\x0e\x22\x37\x00\x00\x06\x0a\x23\x36\x00" +
		"\x00\x06\x40\x24\x0e\x00\x00\x00\x80\x23\x38\x00\x00\x06\x4a\x00" +
		"\x00\x25\x0d\x26\x02\x91\x34\x67\x00\x02\x30\x00\x00\x00\xfc\x26" +
		"\x03\x91\xd8\x00\x62\x00\x02\x33\x00\x00\x01\x08\x20\x25\x0b\x00" +
		"\x02\x41\x00\x00\x00\xc9\x20\x2f\x68\x00\x02\x31\x00\x00\x02\x69" +
		"\x20\x32\x6a\x00\x02\x3f\x00\x00\x01\x20\x20\x33\x0f\x00\x02\x40" +
		"\x00\x00\x00\xfc\x20\x34\x18\x00\x02\x48\x00\x00\x01\x2c\x18\x1f" +
		"\x00\x02\x32\x00\x00\x01\x20\x25\x0e\x20\x31\x69\x00\x02\x36\x00" +
		"\x00\x02\x1a\x27\x00\x00\x05\x41\x0f\x00\x00\x00\xe0\x00\x02\x39" +
		"\x11\x28\x02\x91\x18\x00\x00\x05\x55\x28\x02\x91\x28\x00\x00\x05" +
		"\x5d\x28\x01\x58\x00\x00\x05\x65\x29\x01\x00\x00\x05\x6d\x29\x01" +
		"\x00\x00\x05\x75\x29\x04\x00\x00\x05\x7d\x23\x35\x00\x00\x05\x85" +
		"\x00\x00\x27\x00\x00\x09\x3a\x10\x00\x00\x00\x30\x00\x02\x33\x16" +
		"\x23\x30\x00\x00\x09\x43\x00\x2a\x00\x00\x05\x41\x0f\x00\x00\x00" +
		"\x25\x10\x26\x02\x91\x34\x67\x00\x02\x62\x00\x00\x00\xfc\x26\x03" +
		"\x91\xd8\x00\x62\x00\x02\x65\x00\x00\x01\x08\x20\x24\x0b\x00\x02" +
		"\x74\x00\x00\x01\x97\x20\x39\x68\x00\x02\x63\x00\x00\x02\x69\x20" +
		"\x3c\x6a\x00\x02\x70\x00\x00\x01\x20\x20\x3d\x0f\x00\x02\x73\x00" +
		"\x00\x00\xfc\x20\x3e\x18\x00\x02\x7e\x00\x00\x01\x2c\x18\x1f\x00" +
		"\x02\x64\x00\x00\x01\x20\x25\x11\x20\x3b\x69\x00\x02\x68\x00\x00" +
		"\x02\x1a\x27\x00\x00\x05\x41\x11\x00\x00\x01\x08\x00\x02\x6b\x11" +
		"\x28\x02\x91\x18\x00\x00\x05\x55\x28\x02\x91\x28\x00\x00\x05\x5d" +
		"\x28\x01\x58\x00\x00\x05\x65\x29\x01\x00\x00\x05\x6d\x29\x01\x00" +
		"\x00\x05\x75\x29\x06\x00\x00\x05\x7d\x23\x46\x00\x00\x05\x85\x25" +
		"\x12\x23\x47\x00\x00\x05\x8e\x00\x00\x00\x27\x00\x00\x09\x3a\x12" +
		"\x00\x00\x00\x30\x00\x02\x65\x16\x23\x3a\x00\x00\x09\x43\x00\x25" +
		"\x13\x2b\x00\x54\x00\x02\x79\x00\x00\x00\x9d\x00\x2a\x00\x00\x05" +
		"\x41\x14\x00\x00\x00\x2c\x00\x00\x05\x41\x13\x00\x00\x00\x18\x00" +
		"\x00\x21\x00\x00\x05\x41\x15\x00\x02\x97\x05\x22\x3f\x00\x00\x05" +
		"\x55\x22\x40\x00\x00\x05\x5d\x22\x41\x00\x00\x05\x65\x22\x42\x00" +
		"\x00\x05\x6d\x22\x43\x00\x00\x05\x75\x22\x44\x00\x00\x05\x7d\x23" +
		"\x45\x00\x00\x05\x85\x00\x2c\x00\x00\x05\x41\x14\x00\x00\x00\x20" +
		"\x00\x00\x00\x1e\x15\x00\x00\x02\x40\x01\x5a\x65\x00\x02\x9d\x00" +
		"\x00\x00\x9d\x1f\x48\x2c\x00\x02\x9d\x00\x00\x04\x3b\x20\x4b\x0b" +
		"\x00\x02\xa9\x00\x00\x00\xc9\x20\x4d\x31\x00\x02\x9f\x00\x00\x00" +
		"\xfc\x20\x4e\x36\x00\x02\xa1\x00\x00\x04\x5d\x20\x4f\x0f\x00\x02" +
		"\xa8\x00\x00\x00\xfc\x20\x50\x18\x00\x02\xb0\x00\x00\x01\x2c\x18" +
		"\x30\x00\x02\x9f\x00\x00\x00\xfc\x18\x32\x00\x02\xa0\x00\x00\x01" +
		"\x20\x18\x33\x00\x02\xa1\x00\x00\x04\x5d\x21\x00\x00\x03\xd3\x16" +
		"\x00\x02\xa3\x09\x22\x49\x00\x00\x03\xdc\x23\x4a\x00\x00\x04\x12" +
		"\x23\x4c\x00\x00\x04\x1b\x00\x00\x1e\x16\x00\x00\x02\x48\x01\x5a" +
		"\x66\x00\x02\xc2\x00\x00\x00\x9d\x1f\x51\x2c\x00\x02\xc2\x00\x00" +
		"\x04\x3b\x20\x54\x0b\x00\x02\xce\x00\x00\x00\xc9\x20\x56\x30\x00" +
		"\x02\xc4\x00\x00\x00\xfc\x20\x57\x36\x00\x02\xc6\x00\x00\x04\x5d" +
		"\x20\x58\x0f\x00\x02\xcd\x00\x00\x00\xfc\x20\x59\x18\x00\x02\xd5" +
		"\x00\x00\x01\x2c\x18\x31\x00\x02\xc4\x00\x00\x00\xfc\x18\x32\x00" +
		"\x02\xc5\x00\x00\x01\x20\x18\x33\x00\x02\xc6\x00\x00\x04\x5d\x21" +
		"\x00\x00\x03\xd3\x17\x00\x02\xc8\x09\x22\x52\x00\x00\x03\xdc\x23" +
		"\x53\x00\x00\x04\x12\x23\x55\x00\x00\x04\x1b\x00\x00\x00\x00\x00" +
		"\x01\xde\x00\x05\x08\x00\x00\x00\x00\x19\x00\x00\x00\x64\x00\x00" +
		"\x00\x70\x00\x00\x00\x7d\x00\x00\x00\x8f\x00\x00\x00\x9c\x00\x00" +
		"\x00\xa9\x00\x00\x00\xc5\x00\x00\x00\xd2\x00\x00\x00\xe4\x00\x00" +
		"\x00\xf1\x00\x00\x00\xfe\x00\x00\x01\x0b\x00\x00\x01\x17\x00\x00" +
		"\x01\x24\x00\x00\x01\x36\x00\x00\x01\x43\x00\x00\x01\x50\x00\x00" +
		"\x01\x67\x00\x00\x01\x74\x00\x00\x01\x86\x00\x00\x01\x93\x00\x00" +
		"\x01\xa0\x00\x00\x01\xad\x00\x00\x01\xb9\x00\x00\x01\xc5\x01\x07" +
		"\x04\x40\xd0\x02\x04\x88\x04\xc8\x04\x00\x01\x07\x04\x80\x0b\xd8" +
		"\x0d\x04\xa0\x0f\xd8\x0f\x00\x01\x07\x04\xe0\x02\xf0\x02\x04\xf8" +
		"\x02\x88\x04\x04\xd0\x04\xf0\x0a\x00\x01\x07\x04\xc8\x03\xf0\x03" +
		"\x04\x98\x09\xf0\x0a\x00\x01\x07\x04\xd8\x06\x90\x07\x04\xb0\x07" +
		"\xf0\x08\x00\x01\x07\x04\xf0\x0d\x80\x0e\x04\x88\x0e\x98\x0f\x04" +
		"\xe0\x0f\xf0\x11\x04\xf8\x13\xd0\x16\x04\x90\x18\x90\x1a\x00\x01" +
		"\x07\x04\xd8\x0e\x80\x0f\x04\x90\x18\x90\x1a\x00\x01\x07\x04\xd0" +
		"\x18\xe0\x18\x04\xe8\x18\xb0\x19\x04\xe8\x19\x88\x1a\x00\x01\x07" +
		"\x04\xf0\x0f\xf8\x0f\x04\x90\x10\xc8\x10\x00\x01\x07\x04\x98\x14" +
		"\xc0\x15\x04\xd0\x15\xd0\x16\x00\x01\x07\x04\x98\x12\xf0\x13\x04" +
		"\xd8\x16\xe8\x17\x00\x01\x0d\x04\x40\xd0\x02\x04\xf8\x08\xb8\x09" +
		"\x00\x01\x0d\x04\xd8\x0b\xb8\x0e\x04\xc8\x17\x80\x18\x00\x01\x0d" +
		"\x04\xd8\x02\xe8\x02\x04\xf0\x02\xf8\x08\x04\xe8\x09\xc8\x0b\x00" +
		"\x01\x0d\x04\x90\x04\xb8\x04\x04\xe8\x09\xc8\x0b\x00\x01\x0d\x04" +
		"\xe8\x06\xd0\x07\x04\xe0\x07\xf8\x08\x00\x01\x0d\x04\xc0\x0e\xd0" +
		"\x0e\x04\xd8\x0e\xe0\x12\x04\xe8\x14\xc0\x17\x04\xc8\x19\xd0\x1b" +
		"\x00\x01\x0d\x04\xf8\x0f\xa0\x10\x04\xc8\x19\xd0\x1b\x00\x01\x0d" +
		"\x04\x88\x1a\x98\x1a\x04\xa0\x1a\xe8\x1a\x04\xb0\x1b\xd0\x1b\x00" +
		"\x01\x0d\x04\xa8\x10\xb8\x10\x04\xd0\x10\x88\x11\x00\x01\x0d\x04" +
		"\x88\x15\xe8\x16\x04\xf8\x16\xc0\x17\x00\x01\x0d\x04\x88\x13\xe8" +
		"\x14\x04\x90\x18\xa8\x19\x00\x01\x15\x04\x20\xf8\x01\x04\xe8\x03" +
		"\xa8\x04\x00\x01\x16\x04\x20\xf8\x01\x04\xf0\x03\xb0\x04\x00\x03" +
		"\x07\xc8\x1a\x03\x0d\x88\x1c\x03\x15\xc0\x04\x03\x16\xc8\x04\x00" +
		"\x00\x00\x01\xb0\x00\x05\x00\x00\x00\x00\x00\x00\x00\x00\x00\x01" +
		"\x00\x00\x00\x14\x00\x00\x00\x16\x00\x00\x00\x1f\x00\x00\x00\x24" +
		"\x00\x00\x00\x38\x00\x00\x00\x43\x00\x00\x00\x48\x00\x00\x00\x4c" +
		"\x00\x00\x00\x58\x00\x00\x00\x62\x00\x00\x00\x66\x00\x00\x00\x70" +
		"\x00\x00\x00\x7d\x00\x00\x00\x83\x00\x00\x00\x88\x00\x00\x00\x92" +
		"\x00\x00\x00\xa5\x00\x00\x00\xab\x00\x00\x00\xae\x00\x00\x00\xbc" +
		"\x00\x00\x00\xc1\x00\x00\x00\xca\x00\x00\x00\xd5\x00\x00\x00\xdb" +
		"\x00\x00\x00\xe2\x00\x00\x00\xef\x00\x00\x00\xfd\x00\x00\x01\x0b" +
		"\x00\x00\x01\x1c\x00\x00\x01\x33\x00\x00\x01\x41\x00\x00\x01\x54" +
		"\x00\x00\x01\x64\x00\x00\x01\x70\x00\x00\x01\x83\x00\x00\x01\x88" +
		"\x00\x00\x01\x9c\x00\x00\x01\xb6\x00\x00\x01\xca\x00\x00\x01\xdb" +
		"\x00\x00\x01\xee\x00\x00\x02\x04\x00\x00\x02\x0f\x00\x00\x02\x13" +
		"\x00\x00\x02\x18\x00\x00\x02\x21\x00\x00\x02\x2b\x00\x00\x02\x32" +
		"\x00\x00\x02\x3a\x00\x00\x02\x43\x00\x00\x02\x4c\x00\x00\x02\x5b" +
		"\x00\x00\x02\x61\x00\x00\x02\x6b\x00\x00\x02\x77\x00\x00\x02\x7b" +
		"\x00\x00\x02\x83\x00\x00\x02\x86\x00\x00\x02\x8f\x00\x00\x02\x93" +
		"\x00\x00\x02\x99\x00\x00\x02\x9f\x00\x00\x02\xa5\x00\x00\x02\xab" +
		"\x00\x00\x02\xaf\x00\x00\x02\xb3\x00\x00\x02\xba\x00\x00\x02\xbf" +
		"\x00\x00\x02\xc3\x00\x00\x02\xcb\x00\x00\x02\xd6\x00\x00\x02\xdd" +
		"\x00\x00\x02\xe5\x00\x00\x02\xec\x00\x00\x02\xf0\x00\x00\x02\xf4" +
		"\x00\x00\x02\xfb\x00\x00\x03\x0b\x00\x00\x03\x15\x00\x00\x03\x1c" +
		"\x00\x00\x03\x22\x00\x00\x03\x2f\x00\x00\x03\x3a\x00\x00\x03\x3c" +
		"\x00\x00\x03\x47\x00\x00\x03\x58\x00\x00\x03\x61\x00\x00\x03\x6d" +
		"\x00\x00\x03\x75\x00\x00\x03\x7f\x00\x00\x03\x85\x00\x00\x03\x8e" +
		"\x00\x00\x03\x98\x00\x00\x03\xa2\x00\x00\x03\xab\x00\x00\x03\xb3" +
		"\x00\x00\x03\xc6\x00\x00\x03\xcb\x00\x00\x03\xd9\x00\x00\x03\xe8" +
		"\x00\x00\x04\x01\x00\x00\x04\x1b\x00\x00\x04\x21\x00\x00\x04\x25" +
		"\x00\x00\x04\x2d\x00\x2e\x2e\x2f\x2e\x2e\x2f\x62\x70\x66\x2f\x66" +
		"\x69\x6c\x74\x65\x72\x2e\x63\x00\x2e\x00\x5f\x6c\x69\x63\x65\x6e" +
		"\x73\x65\x00\x63\x68\x61\x72\x00\x5f\x5f\x41\x52\x52\x41\x59\x5f" +
		"\x53\x49\x5a\x45\x5f\x54\x59\x50\x45\x5f\x5f\x00\x70\x6f\x6c\x69" +
		"\x63\x79\x5f\x6d\x61\x70\x00\x74\x79\x70\x65\x00\x69\x6e\x74\x00" +
		"\x6d\x61\x78\x5f\x65\x6e\x74\x72\x69\x65\x73\x00\x6d\x61\x70\x5f" +
		"\x66\x6c\x61\x67\x73\x00\x6b\x65\x79\x00\x70\x72\x65\x66\x69\x78" +
		"\x6c\x65\x6e\x00\x75\x6e\x73\x69\x67\x6e\x65\x64\x20\x69\x6e\x74" +
		"\x00\x5f\x5f\x75\x33\x32\x00\x6d\x65\x74\x61\x00\x63\x67\x72\x6f" +
		"\x75\x70\x5f\x69\x64\x00\x75\x6e\x73\x69\x67\x6e\x65\x64\x20\x6c" +
		"\x6f\x6e\x67\x20\x6c\x6f\x6e\x67\x00\x5f\x5f\x75\x36\x34\x00\x69" +
		"\x70\x00\x75\x6e\x73\x69\x67\x6e\x65\x64\x20\x63\x68\x61\x72\x00" +
		"\x5f\x5f\x75\x38\x00\x5f\x70\x61\x64\x64\x69\x6e\x67\x00\x70\x6f" +
		"\x6c\x69\x63\x79\x5f\x6b\x65\x79\x00\x76\x61\x6c\x75\x65\x00\x61" +
		"\x63\x74\x69\x6f\x6e\x00\x70\x6f\x6c\x69\x63\x79\x5f\x76\x61\x6c" +
		"\x75\x65\x00\x70\x6f\x6c\x69\x63\x79\x5f\x6d\x61\x70\x5f\x76\x36" +
		"\x00\x70\x6f\x6c\x69\x63\x79\x5f\x6b\x65\x79\x5f\x76\x36\x00\x65" +
		"\x6e\x66\x6f\x72\x63\x65\x64\x5f\x63\x67\x72\x6f\x75\x70\x73\x00" +
		"\x65\x6e\x66\x6f\x72\x63\x65\x6d\x65\x6e\x74\x5f\x63\x6f\x6e\x66" +
		"\x69\x67\x5f\x6d\x61\x70\x00\x73\x65\x6c\x65\x63\x74\x65\x64\x5f" +
		"\x6f\x6e\x6c\x79\x00\x65\x6e\x66\x6f\x72\x63\x65\x6d\x65\x6e\x74" +
		"\x5f\x63\x6f\x6e\x66\x69\x67\x00\x61\x74\x74\x61\x63\x68\x65\x64" +
		"\x5f\x63\x67\x72\x6f\x75\x70\x00\x66\x6c\x6f\x77\x5f\x65\x76\x65" +
		"\x6e\x74\x73\x00\x62\x70\x66\x5f\x73\x6b\x62\x5f\x6c\x6f\x61\x64" +
		"\x5f\x62\x79\x74\x65\x73\x00\x6c\x6f\x6e\x67\x00\x62\x70\x66\x5f" +
		"\x6d\x61\x70\x5f\x6c\x6f\x6f\x6b\x75\x70\x5f\x65\x6c\x65\x6d\x00" +
		"\x62\x70\x66\x5f\x67\x65\x74\x5f\x63\x75\x72\x72\x65\x6e\x74\x5f" +
		"\x63\x67\x72\x6f\x75\x70\x5f\x69\x64\x00\x62\x70\x66\x5f\x72\x69" +
		"\x6e\x67\x62\x75\x66\x5f\x72\x65\x73\x65\x72\x76\x65\x00\x62\x70" +
		"\x66\x5f\x6b\x74\x69\x6d\x65\x5f\x67\x65\x74\x5f\x6e\x73\x00\x62" +
		"\x70\x66\x5f\x72\x69\x6e\x67\x62\x75\x66\x5f\x73\x75\x62\x6d\x69" +
		"\x74\x00\x62\x70\x66\x5f\x67\x65\x74\x5f\x6c\x6f\x63\x61\x6c\x5f" +
		"\x73\x74\x6f\x72\x61\x67\x65\x00\x70\x61\x72\x73\x65\x5f\x69\x70" +
		"\x76\x34\x00\x73\x6b\x62\x00\x64\x61\x74\x61\x00\x64\x61\x74\x61" +
		"\x5f\x65\x6e\x64\x00\x5f\x5f\x73\x6b\x5f\x62\x75\x66\x66\x00\x73" +
		"\x72\x63\x5f\x69\x70\x00\x64\x65\x73\x74\x5f\x69\x70\x00\x70\x72" +
		"\x6f\x74\x6f\x63\x6f\x6c\x00\x73\x72\x63\x5f\x70\x6f\x72\x74\x00" +
		"\x75\x6e\x73\x69\x67\x6e\x65\x64\x20\x73\x68\x6f\x72\x74\x00\x5f" +
		"\x5f\x75\x31\x36\x00\x64\x65\x73\x74\x5f\x70\x6f\x72\x74\x00\x76" +
		"\x65\x72\x73\x69\x6f\x6e\x5f\x69\x68\x6c\x00\x74\x6f\x73\x00\x74" +
		"\x6f\x74\x5f\x6c\x65\x6e\x00\x69\x64\x00\x66\x72\x61\x67\x5f\x6f" +
		"\x66\x66\x00\x74\x74\x6c\x00\x63\x68\x65\x63\x6b\x00\x73\x61\x64" +
		"\x64\x72\x00\x64\x61\x64\x64\x72\x00\x69\x70\x68\x64\x72\x00\x69" +
		"\x68\x6c\x00\x74\x63\x70\x00\x73\x6f\x75\x72\x63\x65\x00\x64\x65" +
		"\x73\x74\x00\x73\x65\x71\x00\x61\x63\x6b\x5f\x73\x65\x71\x00\x64" +
		"\x6f\x66\x66\x5f\x66\x6c\x61\x67\x73\x00\x77\x69\x6e\x64\x6f\x77" +
		"\x00\x75\x72\x67\x5f\x70\x74\x72\x00\x74\x63\x70\x68\x64\x72\x00" +
		"\x75\x64\x70\x00\x6c\x65\x6e\x00\x75\x64\x70\x68\x64\x72\x00\x65" +
		"\x6d\x69\x74\x5f\x66\x6c\x6f\x77\x5f\x65\x76\x65\x6e\x74\x00\x64" +
		"\x69\x72\x65\x63\x74\x69\x6f\x6e\x00\x66\x61\x6d\x69\x6c\x79\x00" +
		"\x65\x76\x65\x6e\x74\x00\x74\x69\x6d\x65\x73\x74\x61\x6d\x70\x5f" +
		"\x6e\x73\x00\x66\x6c\x6f\x77\x5f\x65\x76\x65\x6e\x74\x00\x69\x00" +
		"\x70\x61\x72\x73\x65\x5f\x69\x70\x76\x36\x00\x70\x72\x69\x6f\x72" +
		"\x69\x74\x79\x5f\x76\x65\x72\x73\x69\x6f\x6e\x00\x66\x6c\x6f\x77" +
		"\x5f\x6c\x62\x6c\x00\x70\x61\x79\x6c\x6f\x61\x64\x5f\x6c\x65\x6e" +
		"\x00\x6e\x65\x78\x74\x68\x64\x72\x00\x68\x6f\x70\x5f\x6c\x69\x6d" +
		"\x69\x74\x00\x69\x6e\x36\x5f\x75\x00\x75\x36\x5f\x61\x64\x64\x72" +
		"\x38\x00\x75\x36\x5f\x61\x64\x64\x72\x31\x36\x00\x75\x36\x5f\x61" +
		"\x64\x64\x72\x33\x32\x00\x69\x6e\x36\x5f\x61\x64\x64\x72\x00\x69" +
		"\x70\x76\x36\x68\x64\x72\x00\x61\x74\x74\x61\x63\x68\x65\x64\x5f" +
		"\x63\x67\x72\x6f\x75\x70\x5f\x69\x64\x00\x63\x67\x69\x64\x00\x66" +
		"\x69\x6c\x74\x65\x72\x5f\x65\x67\x72\x65\x73\x73\x00\x66\x69\x6c" +
		"\x74\x65\x72\x5f\x69\x6e\x67\x72\x65\x73\x73\x00\x66\x69\x6c\x74" +
		"\x65\x72\x5f\x65\x67\x72\x65\x73\x73\x5f\x70\x65\x72\x6d\x69\x73" +
		"\x73\x69\x76\x65\x00\x66\x69\x6c\x74\x65\x72\x5f\x69\x6e\x67\x72" +
		"\x65\x73\x73\x5f\x70\x65\x72\x6d\x69\x73\x73\x69\x76\x65\x00\x63" +
		"\x66\x67\x5f\x6b\x00\x63\x66\x67\x00\x70\x72\x65\x73\x65\x6e\x74" +
		"\x00\x6c\x6f\x6f\x6b\x75\x70\x5f\x70\x72\x6f\x74\x6f\x00\x00\x00" +
		"\x00\xbc\x00\x05\x08\x00\x00\x00\x00\x00\x00\x00\x00\x00\x00\x00" +
		"\x00\x00\x00\x00\x00\x00\x00\x00\x00\x00\x00\x00\x00\x00\x00\x00" +
		"\x00\x00\x00\x00\x00\x00\x00\x00\x00\x00\x00\x00\x00\x00\x00\x00" +
		"\x00\x00\x00\x00\x00\x00\x00\x00\x00\x00\x00\x00\x00\x00\x00\x00" +
		"\x00\x00\x00\x00\x00\x00\x00\x00\x00\x00\x00\x00\x05\xc0\x00\x00" +
		"\x00\x00\x00\x00\x04\x98\x00\x00\x00\x00\x00\x00\x0c\x10\x00\x00" +
		"\x00\x00\x00\x00\x0d\x10\x00\x00\x00\x00\x00\x00\x0b\xe8\x00\x00" +
		"\x00\x00\x00\x00\x00\x00\x00\x00\x00\x00\x00\x00\x06\x18\x00\x00" +
		"\x00\x00\x00\x00\x04\xe8\x00\x00\x00\x00\x00\x00\x01\xb8\x00\x00" +
		"\x00\x00\x00\x00\x0c\xc8\x00\x00\x00\x00\x00\x00\x07\xa0\x00\x00" +
		"\x00\x00\x00\x00\x0d\xd0\x00\x00\x00\x00\x00\x00\x0c\xa8\x00\x00" +
		"\x00\x00\x00\x00\x00\x00\x00\x00\x00\x00\x00\x00\x00\x00\x00\x00" +
		"\xeb\x9f\x01\x00\x00\x00\x00\x18\x00\x00\x00\x00\x00\x00\x06\x0c" +
		"\x00\x00\x06\x0c\x00\x00\x10\xb2\x00\x00\x00\x00\x02\x00\x00\x00" +
		"\x00\x00\x00\x03\x00\x00\x00\x01\x01\x00\x00\x00\x00\x00\x00\x04" +
		"\x01\x00\x00\x20\x00\x00\x00\x00\x03\x00\x00\x00\x00\x00\x00\x00" +
		"\x00\x00\x00\x02\x00\x00\x00\x04\x00\x00\x00\x02\x00\x00\x00\x05" +
		"\x01\x00\x00\x00\x00\x00\x00\x04\x00\x00\x00\x20\x00\x00\x00\x00" +
		"\x02\x00\x00\x00\x00\x00\x00\x06\x00\x00\x00\x00\x03\x00\x00\x00" +
		"\x00\x00\x00\x00\x00\x00\x00\x02\x00\x00\x00\x04\x00\x00\x00\x01" +
		"\x00\x00\x00\x00\x02\x00\x00\x00\x00\x00\x00\x08\x00\x00\x00\x19" +
		"\x08\x00\x00\x00\x00\x00\x00\x09\x00\x00\x00\x1f\x01\x00\x00\x00" +
		"\x00\x00\x00\x04\x00\x00\x00\x20\x00\x00\x00\x00\x02\x00\x00\x00" +
		"\x00\x00\x00\x0b\x00\x00\x00\x2c\x04\x00\x00\x02\x00\x00\x00\x04" +
		"\x00\x00\x00\x3f\x00\x00\x00\x0c\x00\x00\x00\x00\x00\x00\x00\x4d" +
		"\x00\x00\x00\x0e\x00\x00\x00\x08\x00\x00\x00\x56\x08\x00\x00\x00" +
		"\x00\x00\x00\x0d\x00\x00\x00\x5b\x01\x00\x00\x00\x00\x00\x00\x01" +
		"\x00\x00\x00\x08\x00\x00\x00\x00\x03\x00\x00\x00\x00\x00\x00\x00" +
		"\x00\x00\x00\x0c\x00\x00\x00\x04\x00\x00\x00\x03\x00\x00\x00\x00" +
		"\x04\x00\x00\x04\x00\x00\x00\x20\x00\x00\x00\x69\x00\x00\x00\x01" +
		"\x00\x00\x00\x00\x00\x00\x00\x6e\x00\x00\x00\x05\x00\x00\x00\x40" +
		"\x00\x00\x00\x7a\x00\x00\x00\x07\x00\x00\x00\x80\x00\x00\x00\x7e" +
		"\x00\x00\x00\x0a\x00\x00\x00\xc0\x00\x00\x00\x84\x0e\x00\x00\x00" +
		"\x00\x00\x00\x0f\x00\x00\x00\x01\x00\x00\x00\x00\x02\x00\x00\x00" +
		"\x00\x00\x00\x12\x00\x00\x00\x00\x03\x00\x00\x00\x00\x00\x00\x00" +
		"\x00\x00\x00\x02\x00\x00\x00\x04\x00\x03\x0d\x40\x00\x00\x00\x00" +
		"\x02\x00\x00\x00\x00\x00\x00\x14\x00\x00\x00\x9b\x08\x00\x00\x00" +
		"\x00\x00\x00\x15\x00\x00\x00\xa1\x01\x00\x00\x00\x00\x00\x00\x08" +
		"\x00\x00\x00\x40\x00\x00\x00\x00\x02\x00\x00\x00\x00\x00\x00\x0c" +
		"\x00\x00\x00\x00\x04\x00\x00\x04\x00\x00\x00\x20\x00\x00\x00\x69" +
		"\x00\x00\x00\x05\x00\x00\x00\x00\x00\x00\x00\x6e\x00\x00\x00\x11" +
		"\x00\x00\x00\x40\x00\x00\x00\x7a\x00\x00\x00\x13\x00\x00\x00\x80" +
		"\x00\x00\x00\x7e\x00\x00\x00\x16\x00\x00\x00\xc0\x00\x00\x00\xb4" +
		"\x0e\x00\x00\x00\x00\x00\x00\x17\x00\x00\x00\x01\x00\x00\x00\x00" +
		"\x02\x00\x00\x00\x00\x00\x00\x1a\x00\x00\x00\x00\x03\x00\x00\x00" +
		"\x00\x00\x00\x00\x00\x00\x00\x02\x00\x00\x00\x04\x00\x00\x00\x0b" +
		"\x00\x00\x00\x00\x02\x00\x00\x00\x00\x00\x00\x1c\x00\x00\x00\x00" +
		"\x03\x00\x00\x00\x00\x00\x00\x00\x00\x00\x00\x02\x00\x00\x00\x04" +
		"\x00\x00\x27\x10\x00\x00\x00\x00\x02\x00\x00\x00\x00\x00\x00\x1e" +
		"\x00\x00\x00\xc5\x04\x00\x00\x05\x00\x00\x00\x18\x00\x00\x00\xd0" +
		"\x00\x00\x00\x08\x00\x00\x00\x00\x00\x00\x00\xda\x00\x00\x00\x08" +
		"\x00\x00\x00\x20\x00\x00\x00\xdf\x00\x00\x00\x14\x00\x00\x00\x40" +
		"\x00\x00\x00\xe9\x00\x00\x00\x1f\x00\x00\x00\x80\x00\x00\x00\x4d" +
		"\x00\x00\x00\x1f\x00\x00\x00\xa0\x00\x00\x00\x00\x03\x00\x00\x00" +
		"\x00\x00\x00\x00\x00\x00\x00\x0c\x00\x00\x00\x04\x00\x00\x00\x04" +
		"\x00\x00\x00\x00\x02\x00\x00\x00\x00\x00\x00\x21\x00\x00\x00\xec" +
		"\x04\x00\x00\x02\x00\x00\x00\x04\x00\x00\x00\xf9\x00\x00\x00\x0c" +
		"\x00\x00\x00\x00\x00\x00\x00\x4d\x00\x00\x00\x0e\x00\x00\x00\x08" +
		"\x00\x00\x00\x00\x04\x00\x00\x05\x00\x00\x00\x28\x00\x00\x00\x69" +
		"\x00\x00\x00\x19\x00\x00\x00\x00\x00\x00\x00\x6e\x00\x00\x00\x1b" +
		"\x00\x00\x00\x40\x00\x00\x01\x00\x00\x00\x00\x05\x00\x00\x00\x80" +
		"\x00\x00\x00\x7a\x00\x00\x00\x1d\x00\x00\x00\xc0\x00\x00\x00\x7e" +
		"\x00\x00\x00\x20\x00\x00\x01\x00\x00\x00\x01\x0a\x0e\x00\x00\x00" +
		"\x00\x00\x00\x22\x00\x00\x00\x01\x00\x00\x00\x00\x02\x00\x00\x00" +
		"\x00\x00\x00\x25\x00\x00\x01\x15\x04\x00\x00\x04\x00\x00\x00\x20" +
		"\x00\x00\x00\xd0\x00\x00\x00\x08\x00\x00\x00\x00\x00\x00\x00\xda" +
		"\x00\x00\x00\x08\x00\x00\x00\x20\x00\x00\x00\xdf\x00\x00\x00\x14" +
		"\x00\x00\x00\x40\x00\x00\x00\xe9\x00\x00\x00\x26\x00\x00\x00\x80" +
		"\x00\x00\x00\x00\x03\x00\x00\x00\x00\x00\x00\x00\x00\x00\x00\x0c" +
		"\x00\x00\x00\x04\x00\x00\x00\x10\x00\x00\x00\x00\x04\x00\x00\x05" +
		"\x00\x00\x00\x28\x00\x00\x00\x69\x00\x00\x00\x19\x00\x00\x00\x00" +
		"\x00\x00\x00\x6e\x00\x00\x00\x1b\x00\x00\x00\x40\x00\x00\x01\x00" +
		"\x00\x00\x00\x05\x00\x00\x00\x80\x00\x00\x00\x7a\x00\x00\x00\x24" +
		"\x00\x00\x00\xc0\x00\x00\x00\x7e\x00\x00\x00\x20\x00\x00\x01\x00" +
		"\x00\x00\x01\x23\x0e\x00\x00\x00\x00\x00\x00\x27\x00\x00\x00\x01" +
		"\x00\x00\x00\x00\x02\x00\x00\x00\x00\x00\x00\x2a\x00\x00\x00\x00" +
		"\x03\x00\x00\x00\x00\x00\x00\x00\x00\x00\x00\x02\x00\x00\x00\x04" +
		"\x00\x00\x00\x13\x00\x00\x00\x00\x04\x00\x00\x03\x00\x00\x00\x18" +
		"\x00\x00\x00\x69\x00\x00\x00\x29\x00\x00\x00\x00\x00\x00\x00\x7a" +
		"\x00\x00\x00\x13\x00\x00\x00\x40\x00\x00\x00\x7e\x00\x00\x00\x13" +
		"\x00\x00\x00\x80\x00\x00\x01\x31\x0e\x00\x00\x00\x00\x00\x00\x2b" +
		"\x00\x00\x00\x01\x00\x00\x00\x00\x02\x00\x00\x00\x00\x00\x00\x2e" +
		"\x00\x00\x00\x00\x03\x00\x00\x00\x00\x00\x00\x00\x00\x00\x00\x02" +
		"\x00\x00\x00\x04\x00\x00\x00\x1b\x00\x00\x00\x00\x02\x00\x00\x00" +
		"\x00\x00\x00\x30\x00\x00\x00\x00\x03\x00\x00\x00\x00\x00\x00\x00" +
		"\x00\x00\x00\x02\x00\x00\x00\x04\x00\x04\x00\x00\x00\x00\x00\x00" +
		"\x04\x00\x00\x02\x00\x00\x00\x10\x00\x00\x00\x69\x00\x00\x00\x2d" +
		"\x00\x00\x00\x00\x00\x00\x00\x6e\x00\x00\x00\x2f\x00\x00\x00\x40" +
		"\x00\x00\x01\x41\x0e\x00\x00\x00\x00\x00\x00\x31\x00\x00\x00\x01" +
		"\x00\x00\x00\x00\x02\x00\x00\x00\x00\x00\x00\x34\x00\x00\x01\x4d" +
		"\x04\x00\x00\x02\x00\x00\x00\x08\x00\x00\x01\x57\x00\x00\x00\x08" +
		"\x00\x00\x00\x00\x00\x00\x01\x5c\x00\x00\x00\x08\x00\x00\x00\x20" +
		"\x00\x00\x00\x00\x0d\x00\x00\x01\x00\x00\x00\x02\x00\x00\x01\x65" +
		"\x00\x00\x00\x33\x00\x00\x01\x69\x0c\x00\x00\x01\x00\x00\x00\x35" +
		"\x00\x00\x00\x00\x0d\x00\x00\x01\x00\x00\x00\x02\x00\x00\x01\x65" +
		"\x00\x00\x00\x33\x00\x00\x0b\xff\x0c\x00\x00\x01\x00\x00\x00\x37" +
		"\x00\x00\x00\x00\x0d\x00\x00\x01\x00\x00\x00\x02\x00\x00\x01\x65" +
		"\x00\x00\x00\x33\x00\x00\x0d\xa8\x0c\x00\x00\x01\x00\x00\x00\x39" +
		"\x00\x00\x00\x00\x0d\x00\x00\x01\x00\x00\x00\x02\x00\x00\x01\x65" +
		"\x00\x00\x00\x33\x00\x00\x0f\xae\x0c\x00\x00\x01\x00\x00\x00\x3b" +
		"\x00\x00\x10\x96\x01\x00\x00\x00\x00\x00\x00\x01\x01\x00\x00\x08" +
		"\x00\x00\x00\x00\x03\x00\x00\x00\x00\x00\x00\x00\x00\x00\x00\x3d" +
		"\x00\x00\x00\x04\x00\x00\x00\x04\x00\x00\x10\x9b\x0e\x00\x00\x00" +
		"\x00\x00\x00\x3e\x00\x00\x00\x01\x00\x00\x10\xa4\x0f\x00\x00\x06" +
		"\x00\x00\x00\x00\x00\x00\x00\x10\x00\x00\x00\x00\x00\x00\x00\x20" +
		"\x00\x00\x00\x18\x00\x00\x00\x00\x00\x00\x00\x20\x00\x00\x00\x23" +
		"\x00\x00\x00\x00\x00\x00\x00\x28\x00\x00\x00\x28\x00\x00\x00\x00" +
		"\x00\x00\x00\x28\x00\x00\x00\x2c\x00\x00\x00\x00\x00\x00\x00\x18" +
		"\x00\x00\x00\x32\x00\x00\x00\x00\x00\x00\x00\x10\x00\x00\x10\xaa" +
		"\x0f\x00\x00\x01\x00\x00\x00\x00\x00\x00\x00\x3f\x00\x00\x00\x00" +
		"\x00\x00\x00\x04\x00\x69\x6e\x74\x00\x5f\x5f\x41\x52\x52\x41\x59" +
		"\x5f\x53\x49\x5a\x45\x5f\x54\x59\x50\x45\x5f\x5f\x00\x5f\x5f\x75" +
		"\x33\x32\x00\x75\x6e\x73\x69\x67\x6e\x65\x64\x20\x69\x6e\x74\x00" +
		"\x65\x6e\x66\x6f\x72\x63\x65\x6d\x65\x6e\x74\x5f\x63\x6f\x6e\x66" +
		"\x69\x67\x00\x73\x65\x6c\x65\x63\x74\x65\x64\x5f\x6f\x6e\x6c\x79" +
		"\x00\x5f\x70\x61\x64\x64\x69\x6e\x67\x00\x5f\x5f\x75\x38\x00\x75" +
		"\x6e\x73\x69\x67\x6e\x65\x64\x20\x63\x68\x61\x72\x00\x74\x79\x70" +
		"\x65\x00\x6d\x61\x78\x5f\x65\x6e\x74\x72\x69\x65\x73\x00\x6b\x65" +
		"\x79\x00\x76\x61\x6c\x75\x65\x00\x65\x6e\x66\x6f\x72\x63\x65\x6d" +
		"\x65\x6e\x74\x5f\x63\x6f\x6e\x66\x69\x67\x5f\x6d\x61\x70\x00\x5f" +
		"\x5f\x75\x36\x34\x00\x75\x6e\x73\x69\x67\x6e\x65\x64\x20\x6c\x6f" +
		"\x6e\x67\x20\x6c\x6f\x6e\x67\x00\x65\x6e\x66\x6f\x72\x63\x65\x64" +
		"\x5f\x63\x67\x72\x6f\x75\x70\x73\x00\x70\x6f\x6c\x69\x63\x79\x5f" +
		"\x6b\x65\x79\x00\x70\x72\x65\x66\x69\x78\x6c\x65\x6e\x00\x6d\x65" +
		"\x74\x61\x00\x63\x67\x72\x6f\x75\x70\x5f\x69\x64\x00\x69\x70\x00" +
		"\x70\x6f\x6c\x69\x63\x79\x5f\x76\x61\x6c\x75\x65\x00\x61\x63\x74" +
		"\x69\x6f\x6e\x00\x6d\x61\x70\x5f\x66\x6c\x61\x67\x73\x00\x70\x6f" +
		"\x6c\x69\x63\x79\x5f\x6d\x61\x70\x00\x70\x6f\x6c\x69\x63\x79\x5f" +
		"\x6b\x65\x79\x5f\x76\x36\x00\x70\x6f\x6c\x69\x63\x79\x5f\x6d\x61" +
		"\x70\x5f\x76\x36\x00\x61\x74\x74\x61\x63\x68\x65\x64\x5f\x63\x67" +
		"\x72\x6f\x75\x70\x00\x66\x6c\x6f\x77\x5f\x65\x76\x65\x6e\x74\x73" +
		"\x00\x5f\x5f\x73\x6b\x5f\x62\x75\x66\x66\x00\x64\x61\x74\x61\x00" +
		"\x64\x61\x74\x61\x5f\x65\x6e\x64\x00\x73\x6b\x62\x00\x66\x69\x6c" +
		"\x74\x65\x72\x5f\x65\x67\x72\x65\x73\x73\x00\x63\x67\x72\x6f\x75" +
		"\x70\x5f\x73\x6b\x62\x2f\x65\x67\x72\x65\x73\x73\x00\x2e\x2e\x2f" +
		"\x2e\x2e\x2f\x62\x70\x66\x2f\x66\x69\x6c\x74\x65\x72\x2e\x63\x00" +
		"\x69\x6e\x74\x20\x66\x69\x6c\x74\x65\x72\x5f\x65\x67\x72\x65\x73" +
		"\x73\x28\x73\x74\x72\x75\x63\x74\x20\x5f\x5f\x73\x6b\x5f\x62\x75" +
		"\x66\x66\x20\x2a\x73\x6b\x62\x29\x00\x20\x20\x20\x20\x5f\x5f\x75" +
		"\x33\x32\x20\x73\x72\x63\x5f\x69\x70\x5b\x34\x5d\x20\x3d\x20\x7b" +
		"\x30\x7d\x2c\x20\x64\x65\x73\x74\x5f\x69\x70\x5b\x34\x5d\x20\x3d" +
		"\x20\x7b\x30\x7d\x3b\x00\x20\x20\x20\x20\x69\x66\x20\x28\x62\x70" +
		"\x66\x5f\x73\x6b\x62\x5f\x6c\x6f\x61\x64\x5f\x62\x79\x74\x65\x73" +
		"\x28\x73\x6b\x62\x2c\x20\x30\x2c\x20\x26\x69\x70\x2c\x20\x73\x69" +
		"\x7a\x65\x6f\x66\x28\x69\x70\x29\x29\x20\x3c\x20\x30\x29\x00\x20" +
		"\x20\x20\x20\x69\x66\x20\x28\x28\x69\x70\x2e\x76\x65\x72\x73\x69" +
		"\x6f\x6e\x5f\x69\x68\x6c\x20\x3e\x3e\x20\x34\x29\x20\x21\x3d\x20" +
		"\x34\x29\x00\x20\x20\x20\x20\x5f\x5f\x75\x38\x20\x69\x68\x6c\x20" +
		"\x3d\x20\x28\x69\x70\x2e\x76\x65\x72\x73\x69\x6f\x6e\x5f\x69\x68" +
		"\x6c\x20\x26\x20\x30\x78\x30\x46\x29\x20\x2a\x20\x34\x3b\x00\x20" +
		"\x20\x20\x20\x69\x66\x20\x28\x69\x68\x6c\x20\x3c\x20\x73\x69\x7a" +
		"\x65\x6f\x66\x28\x73\x74\x72\x75\x63\x74\x20\x69\x70\x68\x64\x72" +
		"\x29\x29\x00\x20\x20\x20\x20\x2a\x64\x65\x73\x74\x5f\x69\x70\x20" +
		"\x3d\x20\x69\x70\x2e\x64\x61\x64\x64\x72\x3b\x00\x20\x20\x20\x20" +
		"\x2a\x73\x72\x63\x5f\x69\x70\x20\x3d\x20\x69\x70\x2e\x73\x61\x64" +
		"\x64\x72\x3b\x00\x20\x20\x20\x20\x2a\x70\x72\x6f\x74\x6f\x63\x6f" +
		"\x6c\x20\x3d\x20\x69\x70\x2e\x70\x72\x6f\x74\x6f\x63\x6f\x6c\x3b" +
		"\x00\x20\x20\x20\x20\x69\x66\x20\x28\x69\x70\x2e\x70\x72\x6f\x74" +
		"\x6f\x63\x6f\x6c\x20\x3d\x3d\x20\x49\x50\x50\x52\x4f\x54\x4f\x5f" +
		"\x54\x43\x50\x29\x00\x20\x20\x20\x20\x20\x20\x20\x20\x69\x66\x20" +
		"\x28\x62\x70\x66\x5f\x73\x6b\x62\x5f\x6c\x6f\x61\x64\x5f\x62\x79" +
		"\x74\x65\x73\x28\x73\x6b\x62\x2c\x20\x69\x68\x6c\x2c\x20\x26\x74" +
		"\x63\x70\x2c\x20\x73\x69\x7a\x65\x6f\x66\x28\x74\x63\x70\x29\x29" +
		"\x20\x3c\x20\x30\x29\x00\x20\x20\x20\x20\x20\x20\x20\x20\x5f\x5f" +
		"\x75\x33\x32\x20\x63\x66\x67\x5f\x6b\x20\x3d\x20\x30\x3b\x00\x20" +
		"\x20\x20\x20\x20\x20\x20\x20\x73\x74\x72\x75\x63\x74\x20\x65\x6e" +
		"\x66\x6f\x72\x63\x65\x6d\x65\x6e\x74\x5f\x63\x6f\x6e\x66\x69\x67" +
		"\x20\x2a\x63\x66\x67\x20\x3d\x20\x62\x70\x66\x5f\x6d\x61\x70\x5f" +
		"\x6c\x6f\x6f\x6b\x75\x70\x5f\x65\x6c\x65\x6d\x28\x26\x65\x6e\x66" +
		"\x6f\x72\x63\x65\x6d\x65\x6e\x74\x5f\x63\x6f\x6e\x66\x69\x67\x5f" +
		"\x6d\x61\x70\x2c\x20\x26\x63\x66\x67\x5f\x6b\x29\x3b\x00\x20\x20" +
		"\x20\x20\x20\x20\x20\x20\x5f\x5f\x75\x38\x20\x73\x65\x6c\x65\x63" +
		"\x74\x65\x64\x5f\x6f\x6e\x6c\x79\x20\x3d\x20\x63\x66\x67\x20\x3f" +
		"\x20\x63\x66\x67\x2d\x3e\x73\x65\x6c\x65\x63\x74\x65\x64\x5f\x6f" +
		"\x6e\x6c\x79\x20\x3a\x20\x30\x3b\x00\x20\x20\x20\x20\x20\x20\x20" +
		"\x20\x5f\x5f\x75\x36\x34\x20\x63\x67\x69\x64\x20\x3d\x20\x62\x70" +
		"\x66\x5f\x67\x65\x74\x5f\x63\x75\x72\x72\x65\x6e\x74\x5f\x63\x67" +
		"\x72\x6f\x75\x70\x5f\x69\x64\x28\x29\x3b\x00\x20\x20\x20\x20\x20" +
		"\x20\x20\x20\x69\x66\x20\x28\x73\x65\x6c\x65\x63\x74\x65\x64\x5f" +
		"\x6f\x6e\x6c\x79\x29\x00\x20\x20\x20\x20\x20\x20\x20\x20\x20\x20" +
		"\x20\x20\x5f\x5f\x75\x38\x20\x2a\x70\x72\x65\x73\x65\x6e\x74\x20" +
		"\x3d\x20\x62\x70\x66\x5f\x6d\x61\x70\x5f\x6c\x6f\x6f\x6b\x75\x70" +
		"\x5f\x65\x6c\x65\x6d\x28\x26\x65\x6e\x66\x6f\x72\x63\x65\x64\x5f" +
		"\x63\x67\x72\x6f\x75\x70\x73\x2c\x20\x26\x63\x67\x69\x64\x29\x3b" +
		"\x00\x20\x20\x20\x20\x20\x20\x20\x20\x20\x20\x20\x20\x69\x66\x20" +
		"\x28\x21\x70\x72\x65\x73\x65\x6e\x74\x29\x00\x20\x20\x20\x20\x20" +
		"\x20\x20\x20\x20\x20\x20\x20\x2e\x63\x67\x72\x6f\x75\x70\x5f\x69" +
		"\x64\x20\x3d\x20\x63\x67\x69\x64\x2c\x00\x20\x20\x20\x20\x20\x20" +
		"\x20\x20\x69\x66\x20\x28\x62\x70\x66\x5f\x73\x6b\x62\x5f\x6c\x6f" +
		"\x61\x64\x5f\x62\x79\x74\x65\x73\x28\x73\x6b\x62\x2c\x20\x69\x68" +
		"\x6c\x2c\x20\x26\x75\x64\x70\x2c\x20\x73\x69\x7a\x65\x6f\x66\x28" +
		"\x75\x64\x70\x29\x29\x20\x3c\x20\x30\x29\x00\x20\x20\x20\x20\x20" +
		"\x20\x20\x20\x73\x74\x72\x75\x63\x74\x20\x70\x6f\x6c\x69\x63\x79" +
		"\x5f\x6b\x65\x79\x20\x6b\x65\x79\x20\x3d\x20\x7b\x00\x20\x20\x20" +
		"\x20\x20\x20\x20\x20\x5f\x5f\x62\x75\x69\x6c\x74\x69\x6e\x5f\x6d" +
		"\x65\x6d\x63\x70\x79\x28\x6b\x65\x79\x2e\x69\x70\x2c\x20\x26\x64" +
		"\x65\x73\x74\x5f\x69\x70\x5b\x30\x5d\x2c\x20\x73\x69\x7a\x65\x6f" +
		"\x66\x28\x6b\x65\x79\x2e\x69\x70\x29\x29\x3b\x00\x20\x20\x20\x20" +
		"\x20\x20\x20\x20\x5f\x5f\x75\x33\x32\x20\x6d\x65\x74\x61\x20\x3d" +
		"\x20\x50\x41\x43\x4b\x5f\x4d\x45\x54\x41\x28\x44\x49\x52\x45\x43" +
		"\x54\x49\x4f\x4e\x5f\x45\x47\x52\x45\x53\x53\x2c\x20\x6c\x6f\x6f" +
		"\x6b\x75\x70\x5f\x70\x72\x6f\x74\x6f\x2c\x20\x64\x65\x73\x74\x5f" +
		"\x70\x6f\x72\x74\x29\x3b\x00\x20\x20\x20\x20\x20\x20\x20\x20\x73" +
		"\x74\x72\x75\x63\x74\x20\x70\x6f\x6c\x69\x63\x79\x5f\x76\x61\x6c" +
		"\x75\x65\x20\x2a\x76\x61\x6c\x75\x65\x20\x3d\x20\x62\x70\x66\x5f" +
		"\x6d\x61\x70\x5f\x6c\x6f\x6f\x6b\x75\x70\x5f\x65\x6c\x65\x6d\x28" +
		"\x26\x70\x6f\x6c\x69\x63\x79\x5f\x6d\x61\x70\x2c\x20\x26\x6b\x65" +
		"\x79\x29\x3b\x00\x20\x20\x20\x20\x20\x20\x20\x20\x69\x66\x20\x28" +
		"\x21\x76\x61\x6c\x75\x65\x29\x00\x20\x20\x20\x20\x20\x20\x20\x20" +
		"\x20\x20\x20\x20\x20\x20\x20\x20\x6b\x65\x79\x2e\x63\x67\x72\x6f" +
		"\x75\x70\x5f\x69\x64\x20\x3d\x20\x30\x3b\x00\x20\x20\x20\x20\x20" +
		"\x20\x20\x20\x20\x20\x20\x20\x20\x20\x20\x20\x76\x61\x6c\x75\x65" +
		"\x20\x3d\x20\x62\x70\x66\x5f\x6d\x61\x70\x5f\x6c\x6f\x6f\x6b\x75" +
		"\x70\x5f\x65\x6c\x65\x6d\x28\x26\x70\x6f\x6c\x69\x63\x79\x5f\x6d" +
		"\x61\x70\x2c\x20\x26\x6b\x65\x79\x29\x3b\x00\x20\x20\x20\x20\x20" +
		"\x20\x20\x20\x69\x66\x20\x28\x76\x61\x6c\x75\x65\x29\x00\x20\x20" +
		"\x20\x20\x20\x20\x20\x20\x20\x20\x20\x20\x69\x66\x20\x28\x76\x61" +
		"\x6c\x75\x65\x2d\x3e\x61\x63\x74\x69\x6f\x6e\x20\x3d\x3d\x20\x31" +
		"\x29\x00\x20\x20\x20\x20\x65\x76\x65\x6e\x74\x20\x3d\x20\x62\x70" +
		"\x66\x5f\x72\x69\x6e\x67\x62\x75\x66\x5f\x72\x65\x73\x65\x72\x76" +
		"\x65\x28\x26\x66\x6c\x6f\x77\x5f\x65\x76\x65\x6e\x74\x73\x2c\x20" +
		"\x73\x69\x7a\x65\x6f\x66\x28\x2a\x65\x76\x65\x6e\x74\x29\x2c\x20" +
		"\x30\x29\x3b\x00\x20\x20\x20\x20\x69\x66\x20\x28\x21\x65\x76\x65" +
		"\x6e\x74\x29\x00\x20\x20\x20\x20\x65\x76\x65\x6e\x74\x2d\x3e\x74" +
		"\x69\x6d\x65\x73\x74\x61\x6d\x70\x5f\x6e\x73\x20\x3d\x20\x62\x70" +
		"\x66\x5f\x6b\x74\x69\x6d\x65\x5f\x67\x65\x74\x5f\x6e\x73\x28\x29" +
		"\x3b\x00\x20\x20\x20\x20\x65\x76\x65\x6e\x74\x2d\x3e\x66\x61\x6d" +
		"\x69\x6c\x79\x20\x3d\x20\x66\x61\x6d\x69\x6c\x79\x3b\x00\x20\x20" +
		"\x20\x20\x65\x76\x65\x6e\x74\x2d\x3e\x61\x63\x74\x69\x6f\x6e\x20" +
		"\x3d\x20\x61\x63\x74\x69\x6f\x6e\x3b\x00\x20\x20\x20\x20\x65\x76" +
		"\x65\x6e\x74\x2d\x3e\x70\x72\x6f\x74\x6f\x63\x6f\x6c\x20\x3d\x20" +
		"\x70\x72\x6f\x74\x6f\x63\x6f\x6c\x3b\x00\x20\x20\x20\x20\x65\x76" +
		"\x65\x6e\x74\x2d\x3e\x64\x65\x73\x74\x5f\x70\x6f\x72\x74\x20\x3d" +
		"\x20\x64\x65\x73\x74\x5f\x70\x6f\x72\x74\x3b\x00\x20\x20\x20\x20" +
		"\x65\x76\x65\x6e\x74\x2d\x3e\x73\x72\x63\x5f\x70\x6f\x72\x74\x20" +
		"\x3d\x20\x73\x72\x63\x5f\x70\x6f\x72\x74\x3b\x00\x20\x20\x20\x20" +
		"\x20\x20\x20\x20\x65\x76\x65\x6e\x74\x2d\x3e\x64\x65\x73\x74\x5f" +
		"\x69\x70\x5b\x30\x5d\x20\x3d\x20\x62\x70\x66\x5f\x6e\x74\x6f\x68" +
		"\x6c\x28\x64\x65\x73\x74\x5f\x69\x70\x5b\x30\x5d\x29\x3b\x00\x20" +
		"\x20\x20\x20\x20\x20\x20\x20\x65\x76\x65\x6e\x74\x2d\x3e\x73\x72" +
		"\x63\x5f\x69\x70\x5b\x30\x5d\x20\x3d\x20\x62\x70\x66\x5f\x6e\x74" +
		"\x6f\x68\x6c\x28\x73\x72\x63\x5f\x69\x70\x5b\x30\x5d\x29\x3b\x00" +
		"\x20\x20\x20\x20\x65\x76\x65\x6e\x74\x2d\x3e\x64\x69\x72\x65\x63" +
		"\x74\x69\x6f\x6e\x20\x3d\x20\x64\x69\x72\x65\x63\x74\x69\x6f\x6e" +
		"\x3b\x00\x20\x20\x20\x20\x20\x20\x20\x20\x65\x76\x65\x6e\x74\x2d" +
		"\x3e\x64\x65\x73\x74\x5f\x69\x70\x5b\x32\x5d\x20\x3d\x20\x30\x3b" +
		"\x00\x20\x20\x20\x20\x20\x20\x20\x20\x65\x76\x65\x6e\x74\x2d\x3e" +
		"\x64\x65\x73\x74\x5f\x69\x70\x5b\x31\x5d\x20\x3d\x20\x30\x3b\x00" +
		"\x20\x20\x20\x20\x20\x20\x20\x20\x65\x76\x65\x6e\x74\x2d\x3e\x73" +
		"\x72\x63\x5f\x69\x70\x5b\x32\x5d\x20\x3d\x20\x30\x3b\x00\x20\x20" +
		"\x20\x20\x20\x20\x20\x20\x65\x76\x65\x6e\x74\x2d\x3e\x73\x72\x63" +
		"\x5f\x69\x70\x5b\x31\x5d\x20\x3d\x20\x30\x3b\x00\x20\x20\x20\x20" +
		"\x69\x66\x20\x28\x28\x69\x70\x2e\x70\x72\x69\x6f\x72\x69\x74\x79" +
		"\x5f\x76\x65\x72\x73\x69\x6f\x6e\x20\x3e\x3e\x20\x34\x29\x20\x21" +
		"\x3d\x20\x36\x29\x00\x20\x20\x20\x20\x20\x20\x20\x20\x64\x65\x73" +
		"\x74\x5f\x69\x70\x5b\x69\x5d\x20\x3d\x20\x69\x70\x2e\x64\x61\x64" +
		"\x64\x72\x2e\x73\x36\x5f\x61\x64\x64\x72\x33\x32\x5b\x69\x5d\x3b" +
		"\x00\x20\x20\x20\x20\x20\x20\x20\x20\x73\x72\x63\x5f\x69\x70\x5b" +
		"\x69\x5d\x20\x3d\x20\x69\x70\x2e\x73\x61\x64\x64\x72\x2e\x73\x36" +
		"\x5f\x61\x64\x64\x72\x33\x32\x5b\x69\x5d\x3b\x00\x20\x20\x20\x20" +
		"\x2a\x70\x72\x6f\x74\x6f\x63\x6f\x6c\x20\x3d\x20\x69\x70\x2e\x6e" +
		"\x65\x78\x74\x68\x64\x72\x3b\x00\x20\x20\x20\x20\x69\x66\x20\x28" +
		"\x69\x70\x2e\x6e\x65\x78\x74\x68\x64\x72\x20\x3d\x3d\x20\x49\x50" +
		"\x50\x52\x4f\x54\x4f\x5f\x54\x43\x50\x29\x00\x20\x20\x20\x20\x20" +
		"\x20\x20\x20\x69\x66\x20\x28\x62\x70\x66\x5f\x73\x6b\x62\x5f\x6c" +
		"\x6f\x61\x64\x5f\x62\x79\x74\x65\x73\x28\x73\x6b\x62\x2c\x20\x73" +
		"\x69\x7a\x65\x6f\x66\x28\x73\x74\x72\x75\x63\x74\x20\x69\x70\x76" +
		"\x36\x68\x64\x72\x29\x2c\x20\x26\x74\x63\x70\x2c\x20\x73\x69\x7a" +
		"\x65\x6f\x66\x28\x74\x63\x70\x29\x29\x20\x3c\x20\x30\x29\x00\x20" +
		"\x20\x20\x20\x20\x20\x20\x20\x69\x66\x20\x28\x62\x70\x66\x5f\x73" +
		"\x6b\x62\x5f\x6c\x6f\x61\x64\x5f\x62\x79\x74\x65\x73\x28\x73\x6b" +
		"\x62\x2c\x20\x73\x69\x7a\x65\x6f\x66\x28\x73\x74\x72\x75\x63\x74" +
		"\x20\x69\x70\x76\x36\x68\x64\x72\x29\x2c\x20\x26\x75\x64\x70\x2c" +
		"\x20\x73\x69\x7a\x65\x6f\x66\x28\x75\x64\x70\x29\x29\x20\x3c\x20" +
		"\x30\x29\x00\x20\x20\x20\x20\x20\x20\x20\x20\x20\x20\x20\x20\x5f" +
		"\x5f\x62\x75\x69\x6c\x74\x69\x6e\x5f\x6d\x65\x6d\x63\x70\x79\x28" +
		"\x26\x6b\x65\x79\x2e\x69\x70\x5b\x69\x20\x2a\x20\x34\x5d\x2c\x20" +
		"\x26\x64\x65\x73\x74\x5f\x69\x70\x5b\x69\x5d\x2c\x20\x73\x69\x7a" +
		"\x65\x6f\x66\x28\x64\x65\x73\x74\x5f\x69\x70\x5b\x69\x5d\x29\x29" +
		"\x3b\x00\x20\x20\x20\x20\x20\x20\x20\x20\x73\x74\x72\x75\x63\x74" +
		"\x20\x70\x6f\x6c\x69\x63\x79\x5f\x6b\x65\x79\x5f\x76\x36\x20\x6b" +
		"\x65\x79\x20\x3d\x20\x7b\x00\x20\x20\x20\x20\x20\x20\x20\x20\x69" +
		"\x66\x20\x28\x6c\x6f\x6f\x6b\x75\x70\x5f\x70\x72\x6f\x74\x6f\x20" +
		"\x3d\x3d\x20\x49\x50\x50\x52\x4f\x54\x4f\x5f\x49\x43\x4d\x50\x29" +
		"\x00\x20\x20\x20\x20\x20\x20\x20\x20\x73\x74\x72\x75\x63\x74\x20" +
		"\x70\x6f\x6c\x69\x63\x79\x5f\x76\x61\x6c\x75\x65\x20\x2a\x76\x61" +
		"\x6c\x75\x65\x20\x3d\x20\x62\x70\x66\x5f\x6d\x61\x70\x5f\x6c\x6f" +
		"\x6f\x6b\x75\x70\x5f\x65\x6c\x65\x6d\x28\x26\x70\x6f\x6c\x69\x63" +
		"\x79\x5f\x6d\x61\x70\x5f\x76\x36\x2c\x20\x26\x6b\x65\x79\x29\x3b" +
		"\x00\x20\x20\x20\x20\x20\x20\x20\x20\x20\x20\x20\x20\x20\x20\x20" +
		"\x20\x76\x61\x6c\x75\x65\x20\x3d\x20\x62\x70\x66\x5f\x6d\x61\x70" +
		"\x5f\x6c\x6f\x6f\x6b\x75\x70\x5f\x65\x6c\x65\x6d\x28\x26\x70\x6f" +
		"\x6c\x69\x63\x79\x5f\x6d\x61\x70\x5f\x76\x36\x2c\x20\x26\x6b\x65" +
		"\x79\x29\x3b\x00\x20\x20\x20\x20\x69\x66\x20\x28\x66\x61\x6d\x69" +
		"\x6c\x79\x20\x3d\x3d\x20\x34\x29\x00\x20\x20\x20\x20\x20\x20\x20" +
		"\x20\x20\x20\x20\x20\x65\x76\x65\x6e\x74\x2d\x3e\x73\x72\x63\x5f" +
		"\x69\x70\x5b\x69\x5d\x20\x3d\x20\x73\x72\x63\x5f\x69\x70\x5b\x69" +
		"\x5d\x3b\x00\x20\x20\x20\x20\x20\x20\x20\x20\x20\x20\x20\x20\x65" +
		"\x76\x65\x6e\x74\x2d\x3e\x64\x65\x73\x74\x5f\x69\x70\x5b\x69\x5d" +
		"\x20\x3d\x20\x64\x65\x73\x74\x5f\x69\x70\x5b\x69\x5d\x3b\x00\x20" +
		"\x20\x20\x20\x62\x70\x66\x5f\x72\x69\x6e\x67\x62\x75\x66\x5f\x73" +
		"\x75\x62\x6d\x69\x74\x28\x65\x76\x65\x6e\x74\x2c\x20\x30\x29\x3b" +
		"\x00\x7d\x00\x66\x69\x6c\x74\x65\x72\x5f\x69\x6e\x67\x72\x65\x73" +
		"\x73\x00\x63\x67\x72\x6f\x75\x70\x5f\x73\x6b\x62\x2f\x69\x6e\x67" +
		"\x72\x65\x73\x73\x00\x69\x6e\x74\x20\x66\x69\x6c\x74\x65\x72\x5f" +
		"\x69\x6e\x67\x72\x65\x73\x73\x28\x73\x74\x72\x75\x63\x74\x20\x5f" +
		"\x5f\x73\x6b\x5f\x62\x75\x66\x66\x20\x2a\x73\x6b\x62\x29\x00\x20" +
		"\x20\x20\x20\x5f\x5f\x75\x36\x34\x20\x2a\x63\x67\x69\x64\x20\x3d" +
		"\x20\x62\x70\x66\x5f\x67\x65\x74\x5f\x6c\x6f\x63\x61\x6c\x5f\x73" +
		"\x74\x6f\x72\x61\x67\x65\x28\x26\x61\x74\x74\x61\x63\x68\x65\x64" +
		"\x5f\x63\x67\x72\x6f\x75\x70\x2c\x20\x30\x29\x3b\x00\x20\x20\x20" +
		"\x20\x72\x65\x74\x75\x72\x6e\x20\x63\x67\x69\x64\x20\x3f\x20\x2a" +
		"\x63\x67\x69\x64\x20\x3a\x20\x30\x3b\x00\x20\x20\x20\x20\x20\x20" +
		"\x20\x20\x5f\x5f\x75\x36\x34\x20\x63\x67\x69\x64\x20\x3d\x20\x61" +
		"\x74\x74\x61\x63\x68\x65\x64\x5f\x63\x67\x72\x6f\x75\x70\x5f\x69" +
		"\x64\x28\x29\x3b\x00\x20\x20\x20\x20\x20\x20\x20\x20\x5f\x5f\x62" +
		"\x75\x69\x6c\x74\x69\x6e\x5f\x6d\x65\x6d\x63\x70\x79\x28\x6b\x65" +
		"\x79\x2e\x69\x70\x2c\x20\x26\x73\x72\x63\x5f\x69\x70\x5b\x30\x5d" +
		"\x2c\x20\x73\x69\x7a\x65\x6f\x66\x28\x6b\x65\x79\x2e\x69\x70\x29" +
		"\x29\x3b\x00\x20\x20\x20\x20\x20\x20\x20\x20\x5f\x5f\x75\x33\x32" +
		"\x20\x6d\x65\x74\x61\x20\x3d\x20\x50\x41\x43\x4b\x5f\x4d\x45\x54" +
		"\x41\x28\x44\x49\x52\x45\x43\x54\x49\x4f\x4e\x5f\x49\x4e\x47\x52" +
		"\x45\x53\x53\x2c\x20\x6c\x6f\x6f\x6b\x75\x70\x5f\x70\x72\x6f\x74" +
		"\x6f\x2c\x20\x64\x65\x73\x74\x5f\x70\x6f\x72\x74\x29\x3b\x00\x20" +
		"\x20\x20\x20\x20\x20\x20\x20\x20\x20\x20\x20\x5f\x5f\x62\x75\x69" +
		"\x6c\x74\x69\x6e\x5f\x6d\x65\x6d\x63\x70\x79\x28\x26\x6b\x65\x79" +
		"\x2e\x69\x70\x5b\x69\x20\x2a\x20\x34\x5d\x2c\x20\x26\x73\x72\x63" +
		"\x5f\x69\x70\x5b\x69\x5d\x2c\x20\x73\x69\x7a\x65\x6f\x66\x28\x73" +
		"\x72\x63\x5f\x69\x70\x5b\x69\x5d\x29\x29\x3b\x00\x66\x69\x6c\x74" +
		"\x65\x72\x5f\x65\x67\x72\x65\x73\x73\x5f\x70\x65\x72\x6d\x69\x73" +
		"\x73\x69\x76\x65\x00\x63\x67\x72\x6f\x75\x70\x5f\x73\x6b\x62\x2f" +
		"\x65\x67\x72\x65\x73\x73\x5f\x70\x65\x72\x6d\x69\x73\x73\x69\x76" +
		"\x65\x00\x69\x6e\x74\x20\x66\x69\x6c\x74\x65\x72\x5f\x65\x67\x72" +
		"\x65\x73\x73\x5f\x70\x65\x72\x6d\x69\x73\x73\x69\x76\x65\x28\x73" +
		"\x74\x72\x75\x63\x74\x20\x5f\x5f\x73\x6b\x5f\x62\x75\x66\x66\x20" +
		"\x2a\x73\x6b\x62\x29\x00\x20\x20\x20\x20\x73\x74\x72\x75\x63\x74" +
		"\x20\x70\x6f\x6c\x69\x63\x79\x5f\x6b\x65\x79\x20\x6b\x65\x79\x20" +
		"\x3d\x20\x7b\x00\x20\x20\x20\x20\x5f\x5f\x75\x33\x32\x20\x6d\x65" +
		"\x74\x61\x20\x3d\x20\x50\x41\x43\x4b\x5f\x4d\x45\x54\x41\x28\x44" +
		"\x49\x52\x45\x43\x54\x49\x4f\x4e\x5f\x45\x47\x52\x45\x53\x53\x2c" +
		"\x20\x70\x72\x6f\x74\x6f\x63\x6f\x6c\x2c\x20\x64\x65\x73\x74\x5f" +
		"\x70\x6f\x72\x74\x29\x3b\x00\x20\x20\x20\x20\x20\x20\x20\x20\x2e" +
		"\x63\x67\x72\x6f\x75\x70\x5f\x69\x64\x20\x3d\x20\x62\x70\x66\x5f" +
		"\x67\x65\x74\x5f\x63\x75\x72\x72\x65\x6e\x74\x5f\x63\x67\x72\x6f" +
		"\x75\x70\x5f\x69\x64\x28\x29\x2c\x00\x20\x20\x20\x20\x5f\x5f\x62" +
		"\x75\x69\x6c\x74\x69\x6e\x5f\x6d\x65\x6d\x63\x70\x79\x28\x6b\x65" +
		"\x79\x2e\x69\x70\x2c\x20\x26\x64\x65\x73\x74\x5f\x69\x70\x2c\x20" +
		"\x73\x69\x7a\x65\x6f\x66\x28\x6b\x65\x79\x2e\x69\x70\x29\x29\x3b" +
		"\x00\x20\x20\x20\x20\x73\x74\x72\x75\x63\x74\x20\x70\x6f\x6c\x69" +
		"\x63\x79\x5f\x76\x61\x6c\x75\x65\x20\x2a\x76\x61\x6c\x75\x65\x20" +
		"\x3d\x20\x62\x70\x66\x5f\x6d\x61\x70\x5f\x6c\x6f\x6f\x6b\x75\x70" +
		"\x5f\x65\x6c\x65\x6d\x28\x26\x70\x6f\x6c\x69\x63\x79\x5f\x6d\x61" +
		"\x70\x2c\x20\x26\x6b\x65\x79\x29\x3b\x00\x20\x20\x20\x20\x69\x66" +
		"\x20\x28\x21\x76\x61\x6c\x75\x65\x29\x00\x20\x20\x20\x20\x20\x20" +
		"\x20\x20\x6b\x65\x79\x2e\x63\x67\x72\x6f\x75\x70\x5f\x69\x64\x20" +
		"\x3d\x20\x30\x3b\x00\x20\x20\x20\x20\x20\x20\x20\x20\x76\x61\x6c" +
		"\x75\x65\x20\x3d\x20\x62\x70\x66\x5f\x6d\x61\x70\x5f\x6c\x6f\x6f" +
		"\x6b\x75\x70\x5f\x65\x6c\x65\x6d\x28\x26\x70\x6f\x6c\x69\x63\x79" +
		"\x5f\x6d\x61\x70\x2c\x20\x26\x6b\x65\x79\x29\x3b\x00\x20\x20\x20" +
		"\x20\x69\x66\x20\x28\x76\x61\x6c\x75\x65\x20\x26\x26\x20\x76\x61" +
		"\x6c\x75\x65\x2d\x3e\x61\x63\x74\x69\x6f\x6e\x20\x3d\x3d\x20\x30" +
		"\x29\x00\x66\x69\x6c\x74\x65\x72\x5f\x69\x6e\x67\x72\x65\x73\x73" +
		"\x5f\x70\x65\x72\x6d\x69\x73\x73\x69\x76\x65\x00\x63\x67\x72\x6f" +
		"\x75\x70\x5f\x73\x6b\x62\x2f\x69\x6e\x67\x72\x65\x73\x73\x5f\x70" +
		"\x65\x72\x6d\x69\x73\x73\x69\x76\x65\x00\x69\x6e\x74\x20\x66\x69" +
		"\x6c\x74\x65\x72\x5f\x69\x6e\x67\x72\x65\x73\x73\x5f\x70\x65\x72" +
		"\x6d\x69\x73\x73\x69\x76\x65\x28\x73\x74\x72\x75\x63\x74\x20\x5f" +
		"\x5f\x73\x6b\x5f\x62\x75\x66\x66\x20\x2a\x73\x6b\x62\x29\x00\x20" +
		"\x20\x20\x20\x5f\x5f\x75\x33\x32\x20\x6d\x65\x74\x61\x20\x3d\x20" +
		"\x50\x41\x43\x4b\x5f\x4d\x45\x54\x41\x28\x44\x49\x52\x45\x43\x54" +
		"\x49\x4f\x4e\x5f\x49\x4e\x47\x52\x45\x53\x53\x2c\x20\x70\x72\x6f" +
		"\x74\x6f\x63\x6f\x6c\x2c\x20\x64\x65\x73\x74\x5f\x70\x6f\x72\x74" +
		"\x29\x3b\x00\x20\x20\x20\x20\x5f\x5f\x62\x75\x69\x6c\x74\x69\x6e" +
		"\x5f\x6d\x65\x6d\x63\x70\x79\x28\x6b\x65\x79\x2e\x69\x70\x2c\x20" +
		"\x26\x73\x72\x63\x5f\x69\x70\x2c\x20\x73\x69\x7a\x65\x6f\x66\x28" +
		"\x6b\x65\x79\x2e\x69\x70\x29\x29\x3b\x00\x63\x68\x61\x72\x00\x5f" +
		"\x6c\x69\x63\x65\x6e\x73\x65\x00\x2e\x6d\x61\x70\x73\x00\x6c\x69" +
		"\x63\x65\x6e\x73\x65\x00\x00\x00\xeb\x9f\x01\x00\x00\x00\x00\x20" +
		"\x00\x00\x00\x00\x00\x00\x00\x44\x00\x00\x00\x44\x00\x00\x1b\x44" +
		"\x00\x00\x1b\x88\x00\x00\x00\x00\x00\x00\x00\x08\x00\x00\x01\x77" +
		"\x00\x00\x00\x01\x00\x00\x00\x00\x00\x00\x00\x36\x00\x00\x0c\x0e" +
		"\x00\x00\x00\x01\x00\x00\x00\x00\x00\x00\x00\x38\x00\x00\x0d\xc1" +
		"\x00\x00\x00\x01\x00\x00\x00\x00\x00\x00\x00\x3a\x00\x00\x0f\xc8" +
		"\x00\x00\x00\x01\x00\x00\x00\x00\x00\x00\x00\x3c\x00\x00\x00\x10" +
		"\x00\x00\x01\x77\x00\x00\x00\xb7\x00\x00\x00\x00\x00\x00\x01\x89" +
		"\x00\x00\x01\x9c\x00\x06\x4c\x00\x00\x00\x00\x10\x00\x00\x01\x89" +
		"\x00\x00\x01\xc5\x00\x06\x54\x0b\x00\x00\x00\x20\x00\x00\x01\x89" +
		"\x00\x00\x01\xc5\x00\x06\x54\x1c\x00\x00\x00\x38\x00\x00\x01\x89" +
		"\x00\x00\x00\x00\x00\x00\x00\x00\x00\x00\x00\x40\x00\x00\x01\x89" +
		"\x00\x00\x01\xf2\x00\x04\xc0\x09\x00\x00\x00\x58\x00\x00\x01\x89" +
		"\x00\x00\x01\xf2\x00\x04\xc0\x09\x00\x00\x00\x60\x00\x00\x01\x89" +
		"\x00\x00\x02\x2b\x00\x04\xd0\x0d\x00\x00\x00\x68\x00\x00\x01\x89" +
		"\x00\x00\x02\x2b\x00\x04\xd0\x1f\x00\x00\x00\x78\x00\x00\x01\x89" +
		"\x00\x00\x02\x2b\x00\x04\xd0\x09\x00\x00\x00\x80\x00\x00\x01\x89" +
		"\x00\x00\x02\x4f\x00\x04\xf0\x28\x00\x00\x00\x90\x00\x00\x01\x89" +
		"\x00\x00\x02\x7b\x00\x04\xf4\x09\x00\x00\x00\xa0\x00\x00\x01\x89" +
		"\x00\x00\x02\x9f\x00\x04\xe0\x13\x00\x00\x00\xa8\x00\x00\x01\x89" +
		"\x00\x00\x02\xb8\x00\x04\xdc\x12\x00\x00\x00\xb0\x00\x00\x01\x89" +
		"\x00\x00\x02\xd0\x00\x04\xe4\x14\x00\x00\x00\xc0\x00\x00\x01\x89" +
		"\x00\x00\x02\xed\x00\x05\x04\x09\x00\x00\x00\xe8\x00\x00\x01\x89" +
		"\x00\x00\x03\x11\x00\x05\x10\x0d\x00\x00\x01\x20\x00\x00\x01\x89" +
		"\x00\x00\x03\x11\x00\x05\x10\x0d\x00\x00\x01\x28\x00\x00\x01\x89" +
		"\x00\x00\x00\x00\x00\x00\x00\x00\x00\x00\x01\x60\x00\x00\x01\x89" +
		"\x00\x00\x03\x52\x00\x06\xac\x0f\x00\x00\x01\x70\x00\x00\x01\x89" +
		"\x00\x00\x00\x00\x00\x00\x00\x00\x00\x00\x01\x78\x00\x00\x01\x89" +
		"\x00\x00\x03\x6b\x00\x06\xb0\x2a\x00\x00\x01\x90\x00\x00\x01\x89" +
		"\x00\x00\x03\xca\x00\x06\xb4\x1e\x00\x00\x01\xa0\x00\x00\x01\x89" +
		"\x00\x00\x03\xca\x00\x06\xb4\x29\x00\x00\x01\xa8\x00\x00\x01\x89" +
		"\x00\x00\x04\x05\x00\x06\xb8\x16\x00\x00\x01\xb0\x00\x00\x01\x89" +
		"\x00\x00\x04\x05\x00\x06\xb8\x0f\x00\x00\x01\xb8\x00\x00\x01\x89" +
		"\x00\x00\x04\x37\x00\x06\xbc\x0d\x00\x00\x01\xc8\x00\x00\x01\x89" +
		"\x00\x00\x04\x52\x00\x06\xc4\x1d\x00\x00\x01\xe8\x00\x00\x01\x89" +
		"\x00\x00\x04\x9d\x00\x06\xc8\x11\x00\x00\x01\xf8\x00\x00\x01\x89" +
		"\x00\x00\x04\xb7\x00\x06\xfc\x1a\x00\x00\x02\x08\x00\x00\x01\x89" +
		"\x00\x00\x04\xd6\x00\x05\x30\x0d\x00\x00\x02\x40\x00\x00\x01\x89" +
		"\x00\x00\x04\xd6\x00\x05\x30\x0d\x00\x00\x02\x50\x00\x00\x01\x89" +
		"\x00\x00\x04\x05\x00\x06\xb8\x16\x00\x00\x02\x58\x00\x00\x01\x89" +
		"\x00\x00\x04\x05\x00\x06\xb8\x0f\x00\x00\x02\x68\x00\x00\x01\x89" +
		"\x00\x00\x05\x17\x00\x06\xf0\x21\x00\x00\x02\x88\x00\x00\x01\x89" +
		"\x00\x00\x05\x39\x00\x07\x04\x09\x00\x00\x02\x90\x00\x00\x01\x89" +
		"\x00\x00\x05\x78\x00\x06\xec\x16\x00\x00\x02\xb0\x00\x00\x01\x89" +
		"\x00\x00\x05\x17\x00\x06\xf0\x21\x00\x00\x02\xc0\x00\x00\x01\x89" +
		"\x00\x00\x00\x00\x00\x00\x00\x00\x00\x00\x02\xc8\x00\x00\x01\x89" +
		"\x00\x00\x05\xc3\x00\x07\x0c\x26\x00\x00\x02\xe0\x00\x00\x01\x89" +
		"\x00\x00\x06\x10\x00\x07\x10\x0d\x00\x00\x02\xf8\x00\x00\x01\x89" +
		"\x00\x00\x06\x24\x00\x07\x24\x1f\x00\x00\x03\x10\x00\x00\x01\x89" +
		"\x00\x00\x06\x47\x00\x07\x28\x19\x00\x00\x03\x28\x00\x00\x01\x89" +
		"\x00\x00\x06\x87\x00\x07\x34\x0d\x00\x00\x03\x38\x00\x00\x01\x89" +
		"\x00\x00\x06\x9a\x00\x07\x3c\x18\x00\x00\x03\x58\x00\x00\x01\x89" +
		"\x00\x00\x06\xbe\x00\x03\xf4\x0d\x00\x00\x03\x88\x00\x00\x01\x89" +
		"\x00\x00\x07\x00\x00\x03\xf8\x09\x00\x00\x03\xa0\x00\x00\x01\x89" +
		"\x00\x00\x06\x9a\x00\x07\x3c\x1f\x00\x00\x03\xb0\x00\x00\x01\x89" +
		"\x00\x00\x07\x10\x00\x04\x04\x1b\x00\x00\x03\xc0\x00\x00\x01\x89" +
		"\x00\x00\x07\x3e\x00\x04\x74\x13\x00\x00\x03\xc8\x00\x00\x01\x89" +
		"\x00\x00\x07\x5a\x00\x04\x70\x13\x00\x00\x03\xd0\x00\x00\x01\x89" +
		"\x00\x00\x07\x76\x00\x04\x68\x15\x00\x00\x03\xe0\x00\x00\x01\x89" +
		"\x00\x00\x07\x96\x00\x04\x64\x16\x00\x00\x03\xf0\x00\x00\x01\x89" +
		"\x00\x00\x07\xb8\x00\x04\x60\x15\x00\x00\x04\x08\x00\x00\x01\x89" +
		"\x00\x00\x07\xd8\x00\x04\x28\x1d\x00\x00\x04\x10\x00\x00\x01\x89" +
		"\x00\x00\x07\xd8\x00\x04\x28\x1b\x00\x00\x04\x20\x00\x00\x01\x89" +
		"\x00\x00\x08\x0b\x00\x04\x18\x1c\x00\x00\x04\x28\x00\x00\x01\x89" +
		"\x00\x00\x08\x0b\x00\x04\x18\x1a\x00\x00\x04\x30\x00\x00\x01\x89" +
		"\x00\x00\x07\x10\x00\x04\x04\x19\x00\x00\x04\x40\x00\x00\x01\x89" +
		"\x00\x00\x08\x3c\x00\x04\x6c\x16\x00\x00\x04\x48\x00\x00\x01\x89" +
		"\x00\x00\x08\x5e\x00\x04\x30\x1b\x00\x00\x04\x50\x00\x00\x01\x89" +
		"\x00\x00\x08\x7d\x00\x04\x2c\x1b\x00\x00\x04\x58\x00\x00\x01\x89" +
		"\x00\x00\x08\x9c\x00\x04\x20\x1a\x00\x00\x04\x60\x00\x00\x01\x89" +
		"\x00\x00\x08\xba\x00\x04\x1c\x1a\x00\x00\x04\x98\x00\x00\x01\x89" +
		"\x00\x00\x06\xbe\x00\x03\xf4\x0d\x00\x00\x04\xc8\x00\x00\x01\x89" +
		"\x00\x00\x07\x00\x00\x03\xf8\x09\x00\x00\x04\xd0\x00\x00\x01\x89" +
		"\x00\x00\x07\x10\x00\x04\x04\x1b\x00\x00\x04\xe0\x00\x00\x01\x89" +
		"\x00\x00\x07\x5a\x00\x04\x70\x13\x00\x00\x04\xe8\x00\x00\x01\x89" +
		"\x00\x00\x07\x76\x00\x04\x68\x15\x00\x00\x04\xf0\x00\x00\x01\x89" +
		"\x00\x00\x07\x96\x00\x04\x64\x16\x00\x00\x05\x00\x00\x00\x01\x89" +
		"\x00\x00\x07\xb8\x00\x04\x60\x15\x00\x00\x05\x10\x00\x00\x01\x89" +
		"\x00\x00\x07\xd8\x00\x04\x28\x1d\x00\x00\x05\x18\x00\x00\x01\x89" +
		"\x00\x00\x07\xd8\x00\x04\x28\x1b\x00\x00\x05\x28\x00\x00\x01\x89" +
		"\x00\x00\x08\x0b\x00\x04\x18\x1c\x00\x00\x05\x30\x00\x00\x01\x89" +
		"\x00\x00\x08\x0b\x00\x04\x18\x1a\x00\x00\x05\x38\x00\x00\x01\x89" +
		"\x00\x00\x07\x10\x00\x04\x04\x19\x00\x00\x05\x40\x00\x00\x01\x89" +
		"\x00\x00\x08\x3c\x00\x04\x6c\x16\x00\x00\x05\x48\x00\x00\x01\x89" +
		"\x00\x00\x08\x5e\x00\x04\x30\x1b\x00\x00\x05\x50\x00\x00\x01\x89" +
		"\x00\x00\x08\x7d\x00\x04\x2c\x1b\x00\x00\x05\x58\x00\x00\x01\x89" +
		"\x00\x00\x08\x9c\x00\x04\x20\x1a\x00\x00\x05\x60\x00\x00\x01\x89" +
		"\x00\x00\x08\xba\x00\x04\x1c\x1a\x00\x00\x05\x78\x00\x00\x01\x89" +
		"\x00\x00\x00\x00\x00\x00\x00\x00\x00\x00\x05\x80\x00\x00\x01\x89" +
		"\x00\x00\x01\xf2\x00\x05\x80\x09\x00\x00\x05\xa0\x00\x00\x01\x89" +
		"\x00\x00\x01\xf2\x00\x05\x80\x09\x00\x00\x05\xa8\x00\x00\x01\x89" +
		"\x00\x00\x08\xd8\x00\x05\x8c\x0d\x00\x00\x05\xb0\x00\x00\x01\x89" +
		"\x00\x00\x08\xd8\x00\x05\x8c\x24\x00\x00\x05\xb8\x00\x00\x01\x89" +
		"\x00\x00\x08\xd8\x00\x05\x8c\x09\x00\x00\x05\xc0\x00\x00\x01\x89" +
		"\x00\x00\x09\x01\x00\x05\xa4\x14\x00\x00\x05\xe0\x00\x00\x01\x89" +
		"\x00\x00\x09\x2d\x00\x05\xa0\x13\x00\x00\x06\x10\x00\x00\x01\x89" +
		"\x00\x00\x09\x01\x00\x05\xa4\x14\x00\x00\x06\x20\x00\x00\x01\x89" +
		"\x00\x00\x09\x2d\x00\x05\xa0\x13\x00\x00\x06\x28\x00\x00\x01\x89" +
		"\x00\x00\x09\x01\x00\x05\xa4\x14\x00\x00\x06\x38\x00\x00\x01\x89" +
		"\x00\x00\x09\x2d\x00\x05\xa0\x13\x00\x00\x06\x40\x00\x00\x01\x89" +
		"\x00\x00\x09\x58\x00\x05\xac\x14\x00\x00\x06\x48\x00\x00\x01\x89" +
		"\x00\x00\x09\x74\x00\x05\xb8\x09\x00\x00\x06\x78\x00\x00\x01\x89" +
		"\x00\x00\x09\x97\x00\x05\xc4\x0d\x00\x00\x06\xa8\x00\x00\x01\x89" +
		"\x00\x00\x09\x97\x00\x05\xc4\x0d\x00\x00\x06\xb0\x00\x00\x01\x89" +
		"\x00\x00\x00\x00\x00\x00\x00\x00\x00\x00\x06\xf0\x00\x00\x01\x89" +
		"\x00\x00\x03\x52\x00\x07\x74\x0f\x00\x00\x07\x00\x00\x00\x01\x89" +
		"\x00\x00\x00\x00\x00\x00\x00\x00\x00\x00\x07\x08\x00\x00\x01\x89" +
		"\x00\x00\x03\x6b\x00\x07\x78\x2a\x00\x00\x07\x20\x00\x00\x01\x89" +
		"\x00\x00\x03\xca\x00\x07\x7c\x1e\x00\x00\x07\x30\x00\x00\x01\x89" +
		"\x00\x00\x03\xca\x00\x07\x7c\x29\x00\x00\x07\x38\x00\x00\x01\x89" +
		"\x00\x00\x04\x05\x00\x07\x80\x16\x00\x00\x07\x40\x00\x00\x01\x89" +
		"\x00\x00\x04\x05\x00\x07\x80\x0f\x00\x00\x07\x48\x00\x00\x01\x89" +
		"\x00\x00\x04\x37\x00\x07\x84\x0d\x00\x00\x07\x58\x00\x00\x01\x89" +
		"\x00\x00\x04\x52\x00\x07\x8c\x1d\x00\x00\x07\x78\x00\x00\x01\x89" +
		"\x00\x00\x04\x9d\x00\x07\x90\x11\x00\x00\x07\x88\x00\x00\x01\x89" +
		"\x00\x00\x04\xb7\x00\x07\xc8\x1a\x00\x00\x07\xa0\x00\x00\x01\x89" +
		"\x00\x00\x09\xeb\x00\x05\xe4\x0d\x00\x00\x07\xd0\x00\x00\x01\x89" +
		"\x00\x00\x09\xeb\x00\x05\xe4\x0d\x00\x00\x07\xe0\x00\x00\x01\x89" +
		"\x00\x00\x04\x05\x00\x07\x80\x16\x00\x00\x07\xe8\x00\x00\x01\x89" +
		"\x00\x00\x04\x05\x00\x07\x80\x0f\x00\x00\x07\xf0\x00\x00\x01\x89" +
		"\x00\x00\x0a\x3f\x00\x07\xd8\x0d\x00\x00\x07\xf8\x00\x00\x01\x89" +
		"\x00\x00\x0a\x8e\x00\x07\xbc\x24\x00\x00\x08\x10\x00\x00\x01\x89" +
		"\x00\x00\x0a\x3f\x00\x07\xd8\x0d\x00\x00\x08\x48\x00\x00\x01\x89" +
		"\x00\x00\x0a\xb3\x00\x07\xb0\x0d\x00\x00\x08\x58\x00\x00\x01\x89" +
		"\x00\x00\x05\x78\x00\x07\xb8\x16\x00\x00\x08\x70\x00\x00\x01\x89" +
		"\x00\x00\x0a\x8e\x00\x07\xbc\x24\x00\x00\x08\x80\x00\x00\x01\x89" +
		"\x00\x00\x00\x00\x00\x00\x00\x00\x00\x00\x08\x88\x00\x00\x01\x89" +
		"\x00\x00\x0a\xdd\x00\x07\xe4\x26\x00\x00\x08\xa0\x00\x00\x01\x89" +
		"\x00\x00\x06\x10\x00\x07\xe8\x0d\x00\x00\x08\xb8\x00\x00\x01\x89" +
		"\x00\x00\x06\x24\x00\x07\xf8\x1f\x00\x00\x08\xd0\x00\x00\x01\x89" +
		"\x00\x00\x0b\x2d\x00\x07\xfc\x19\x00\x00\x08\xe8\x00\x00\x01\x89" +
		"\x00\x00\x06\x87\x00\x08\x08\x0d\x00\x00\x09\x18\x00\x00\x01\x89" +
		"\x00\x00\x06\xbe\x00\x03\xf4\x0d\x00\x00\x09\x48\x00\x00\x01\x89" +
		"\x00\x00\x07\x00\x00\x03\xf8\x09\x00\x00\x09\x50\x00\x00\x01\x89" +
		"\x00\x00\x07\x10\x00\x04\x04\x1b\x00\x00\x09\x58\x00\x00\x01\x89" +
		"\x00\x00\x07\x10\x00\x04\x04\x19\x00\x00\x09\x60\x00\x00\x01\x89" +
		"\x00\x00\x0b\x70\x00\x04\x0c\x09\x00\x00\x09\x70\x00\x00\x01\x89" +
		"\x00\x00\x0b\x85\x00\x04\x4c\x1e\x00\x00\x09\x98\x00\x00\x01\x89" +
		"\x00\x00\x0b\xaf\x00\x04\x50\x1f\x00\x00\x09\xa0\x00\x00\x01\x89" +
		"\x00\x00\x0b\x85\x00\x04\x4c\x1e\x00\x00\x09\xb8\x00\x00\x01\x89" +
		"\x00\x00\x0b\xaf\x00\x04\x50\x1f\x00\x00\x09\xf8\x00\x00\x01\x89" +
		"\x00\x00\x06\x9a\x00\x08\x10\x18\x00\x00\x0a\x18\x00\x00\x01\x89" +
		"\x00\x00\x06\xbe\x00\x03\xf4\x0d\x00\x00\x0a\x48\x00\x00\x01\x89" +
		"\x00\x00\x07\x00\x00\x03\xf8\x09\x00\x00\x0a\x50\x00\x00\x01\x89" +
		"\x00\x00\x07\x10\x00\x04\x04\x1b\x00\x00\x0a\x58\x00\x00\x01\x89" +
		"\x00\x00\x0b\x85\x00\x04\x4c\x1e\x00\x00\x0a\x68\x00\x00\x01\x89" +
		"\x00\x00\x07\x10\x00\x04\x04\x19\x00\x00\x0a\x70\x00\x00\x01\x89" +
		"\x00\x00\x0b\x85\x00\x04\x4c\x1e\x00\x00\x0a\x80\x00\x00\x01\x89" +
		"\x00\x00\x0b\xaf\x00\x04\x50\x1f\x00\x00\x0a\x90\x00\x00\x01\x89" +
		"\x00\x00\x0b\x85\x00\x04\x4c\x1e\x00\x00\x0a\xc0\x00\x00\x01\x89" +
		"\x00\x00\x06\x9a\x00\x08\x10\x1f\x00\x00\x0a\xd0\x00\x00\x01\x89" +
		"\x00\x00\x0b\xaf\x00\x04\x50\x1f\x00\x00\x0a\xe0\x00\x00\x01\x89" +
		"\x00\x00\x07\xb8\x00\x04\x60\x15\x00\x00\x0a\xf0\x00\x00\x01\x89" +
		"\x00\x00\x07\x96\x00\x04\x64\x16\x00\x00\x0b\x00\x00\x00\x01\x89" +
		"\x00\x00\x07\x76\x00\x04\x68\x15\x00\x00\x0b\x08\x00\x00\x01\x89" +
		"\x00\x00\x07\x5a\x00\x04\x70\x13\x00\x00\x0b\x18\x00\x00\x01\x89" +
		"\x00\x00\x07\x3e\x00\x04\x74\x13\x00\x00\x0b\x20\x00\x00\x01\x89" +
		"\x00\x00\x0b\xaf\x00\x04\x50\x1f\x00\x00\x0b\x40\x00\x00\x01\x89" +
		"\x00\x00\x08\x3c\x00\x04\x6c\x16\x00\x00\x0b\x58\x00\x00\x01\x89" +
		"\x00\x00\x08\x5e\x00\x04\x30\x1b\x00\x00\x0b\x60\x00\x00\x01\x89" +
		"\x00\x00\x08\x7d\x00\x04\x2c\x1b\x00\x00\x0b\x68\x00\x00\x01\x89" +
		"\x00\x00\x08\x9c\x00\x04\x20\x1a\x00\x00\x0b\x70\x00\x00\x01\x89" +
		"\x00\x00\x08\xba\x00\x04\x1c\x1a\x00\x00\x0b\x78\x00\x00\x01\x89" +
		"\x00\x00\x07\xd8\x00\x04\x28\x1d\x00\x00\x0b\x80\x00\x00\x01\x89" +
		"\x00\x00\x07\xd8\x00\x04\x28\x1b\x00\x00\x0b\x90\x00\x00\x01\x89" +
		"\x00\x00\x08\x0b\x00\x04\x18\x1c\x00\x00\x0b\x98\x00\x00\x01\x89" +
		"\x00\x00\x08\x0b\x00\x04\x18\x1a\x00\x00\x0b\xa8\x00\x00\x01\x89" +
		"\x00\x00\x07\x3e\x00\x04\x74\x13\x00\x00\x0b\xb8\x00\x00\x01\x89" +
		"\x00\x00\x07\x76\x00\x04\x68\x15\x00\x00\x0b\xc0\x00\x00\x01\x89" +
		"\x00\x00\x07\x96\x00\x04\x64\x16\x00\x00\x0b\xd0\x00\x00\x01\x89" +
		"\x00\x00\x07\xb8\x00\x04\x60\x15\x00\x00\x0b\xd8\x00\x00\x01\x89" +
		"\x00\x00\x07\x5a\x00\x04\x70\x13\x00\x00\x0b\xe0\x00\x00\x01\x89" +
		"\x00\x00\x08\x3c\x00\x04\x6c\x16\x00\x00\x0b\xe8\x00\x00\x01\x89" +
		"\x00\x00\x0b\xdb\x00\x04\x7c\x05\x00\x00\x0c\x10\x00\x00\x01\x89" +
		"\x00\x00\x06\xbe\x00\x03\xf4\x0d\x00\x00\x0c\x40\x00\x00\x01\x89" +
		"\x00\x00\x07\x00\x00\x03\xf8\x09\x00\x00\x0c\x48\x00\x00\x01\x89" +
		"\x00\x00\x07\x10\x00\x04\x04\x1b\x00\x00\x0c\x50\x00\x00\x01\x89" +
		"\x00\x00\x0b\x85\x00\x04\x4c\x1e\x00\x00\x0c\x60\x00\x00\x01\x89" +
		"\x00\x00\x07\x10\x00\x04\x04\x19\x00\x00\x0c\x68\x00\x00\x01\x89" +
		"\x00\x00\x0b\x85\x00\x04\x4c\x1e\x00\x00\x0c\x78\x00\x00\x01\x89" +
		"\x00\x00\x0b\xaf\x00\x04\x50\x1f\x00\x00\x0c\x80\x00\x00\x01\x89" +
		"\x00\x00\x0b\x85\x00\x04\x4c\x1e\x00\x00\x0c\xa0\x00\x00\x01\x89" +
		"\x00\x00\x0b\xaf\x00\x04\x50\x1f\x00\x00\x0c\xb0\x00\x00\x01\x89" +
		"\x00\x00\x07\xb8\x00\x04\x60\x15\x00\x00\x0c\xc0\x00\x00\x01\x89" +
		"\x00\x00\x07\x96\x00\x04\x64\x16\x00\x00\x0c\xd0\x00\x00\x01\x89" +
		"\x00\x00\x07\x76\x00\x04\x68\x15\x00\x00\x0c\xe0\x00\x00\x01\x89" +
		"\x00\x00\x07\x5a\x00\x04\x70\x13\x00\x00\x0c\xe8\x00\x00\x01\x89" +
		"\x00\x00\x0b\xaf\x00\x04\x50\x1f\x00\x00\x0d\x08\x00\x00\x01\x89" +
		"\x00\x00\x08\x3c\x00\x04\x6c\x16\x00\x00\x0d\x10\x00\x00\x01\x89" +
		"\x00\x00\x0b\xdb\x00\x04\x7c\x05\x00\x00\x0d\x30\x00\x00\x01\x89" +
		"\x00\x00\x0b\xfd\x00\x08\x50\x01\x00\x00\x0c\x0e\x00\x00\x00\xbb" +
		"\x00\x00\x00\x00\x00\x00\x01\x89\x00\x00\x0c\x21\x00\x08\x60\x00" +
		"\x00\x00\x00\x10\x00\x00\x01\x89\x00\x00\x01\xc5\x00\x08\x68\x0b" +
		"\x00\x00\x00\x20\x00\x00\x01\x89\x00\x00\x01\xc5\x00\x08\x68\x1c" +
		"\x00\x00\x00\x38\x00\x00\x01\x89\x00\x00\x00\x00\x00\x00\x00\x00" +
		"\x00\x00\x00\x40\x00\x00\x01\x89\x00\x00\x01\xf2\x00\x04\xc0\x09" +
		"\x00\x00\x00\x58\x00\x00\x01\x89\x00\x00\x01\xf2\x00\x04\xc0\x09" +
		"\x00\x00\x00\x60\x00\x00\x01\x89\x00\x00\x02\x2b\x00\x04\xd0\x0d" +
		"\x00\x00\x00\x68\x00\x00\x01\x89\x00\x00\x02\x2b\x00\x04\xd0\x1f" +
		"\x00\x00\x00\x78\x00\x00\x01\x89\x00\x00\x02\x2b\x00\x04\xd0\x09" +
		"\x00\x00\x00\x80\x00\x00\x01\x89\x00\x00\x02\x4f\x00\x04\xf0\x28" +
		"\x00\x00\x00\x90\x00\x00\x01\x89\x00\x00\x02\x7b\x00\x04\xf4\x09" +
		"\x00\x00\x00\xa0\x00\x00\x01\x89\x00\x00\x02\x9f\x00\x04\xe0\x13" +
		"\x00\x00\x00\xa8\x00\x00\x01\x89\x00\x00\x02\xb8\x00\x04\xdc\x12" +
		"\x00\x00\x00\xb0\x00\x00\x01\x89\x00\x00\x02\xd0\x00\x04\xe4\x14" +
		"\x00\x00\x00\xc0\x00\x00\x01\x89\x00\x00\x02\xed\x00\x05\x04\x09" +
		"\x00\x00\x00\xe8\x00\x00\x01\x89\x00\x00\x03\x11\x00\x05\x10\x0d" +
		"\x00\x00\x01\x20\x00\x00\x01\x89\x00\x00\x03\x11\x00\x05\x10\x0d" +
		"\x00\x00\x01\x28\x00\x00\x01\x89\x00\x00\x00\x00\x00\x00\x00\x00" +
		"\x00\x00\x01\x58\x00\x00\x01\x89\x00\x00\x03\x52\x00\x08\xc0\x0f" +
		"\x00\x00\x01\x68\x00\x00\x01\x89\x00\x00\x00\x00\x00\x00\x00\x00" +
		"\x00\x00\x01\x70\x00\x00\x01\x89\x00\x00\x03\x6b\x00\x08\xc4\x2a" +
		"\x00\x00\x01\x90\x00\x00\x01\x89\x00\x00\x03\xca\x00\x08\xc8\x1e" +
		"\x00\x00\x01\x98\x00\x00\x01\x89\x00\x00\x03\xca\x00\x08\xc8\x29" +
		"\x00\x00\x01\xa8\x00\x00\x01\x89\x00\x00\x04\x37\x00\x08\xd0\x0d" +
		"\x00\x00\x01\xb8\x00\x00\x01\x89\x00\x00\x0c\x4b\x00\x04\x90\x13" +
		"\x00\x00\x01\xd8\x00\x00\x01\x89\x00\x00\x0c\x89\x00\x04\x94\x0c" +
		"\x00\x00\x01\xe0\x00\x00\x01\x89\x00\x00\x0c\x89\x00\x04\x94\x13" +
		"\x00\x00\x01\xe8\x00\x00\x01\x89\x00\x00\x0c\xa6\x00\x08\xcc\x0f" +
		"\x00\x00\x01\xf0\x00\x00\x01\x89\x00\x00\x04\x37\x00\x08\xd0\x0d" +
		"\x00\x00\x02\x10\x00\x00\x01\x89\x00\x00\x04\x52\x00\x08\xd8\x1d" +
		"\x00\x00\x02\x30\x00\x00\x01\x89\x00\x00\x04\x9d\x00\x08\xdc\x11" +
		"\x00\x00\x02\x38\x00\x00\x01\x89\x00\x00\x04\xb7\x00\x09\x10\x1a" +
		"\x00\x00\x02\x40\x00\x00\x01\x89\x00\x00\x05\x17\x00\x09\x04\x21" +
		"\x00\x00\x02\x58\x00\x00\x01\x89\x00\x00\x0c\xd1\x00\x09\x18\x09" +
		"\x00\x00\x02\x68\x00\x00\x01\x89\x00\x00\x0d\x0f\x00\x09\x00\x16" +
		"\x00\x00\x02\x90\x00\x00\x01\x89\x00\x00\x05\x17\x00\x09\x04\x21" +
		"\x00\x00\x02\xb0\x00\x00\x01\x89\x00\x00\x00\x00\x00\x00\x00\x00" +
		"\x00\x00\x02\xb8\x00\x00\x01\x89\x00\x00\x05\xc3\x00\x09\x20\x26" +
		"\x00\x00\x02\xd8\x00\x00\x01\x89\x00\x00\x06\x10\x00\x09\x24\x0e" +
		"\x00\x00\x02\xf0\x00\x00\x01\x89\x00\x00\x06\x10\x00\x09\x24\x0d" +
		"\x00\x00\x03\x10\x00\x00\x01\x89\x00\x00\x06\x24\x00\x09\x38\x1f" +
		"\x00\x00\x03\x28\x00\x00\x01\x89\x00\x00\x06\x47\x00\x09\x3c\x19" +
		"\x00\x00\x03\x40\x00\x00\x01\x89\x00\x00\x06\x87\x00\x09\x48\x0d" +
		"\x00\x00\x03\x48\x00\x00\x01\x89\x00\x00\x06\x9a\x00\x09\x50\x18" +
		"\x00\x00\x03\x68\x00\x00\x01\x89\x00\x00\x06\xbe\x00\x03\xf4\x0d" +
		"\x00\x00\x03\x98\x00\x00\x01\x89\x00\x00\x07\x00\x00\x03\xf8\x09" +
		"\x00\x00\x03\xa0\x00\x00\x01\x89\x00\x00\x07\x10\x00\x04\x04\x1b" +
		"\x00\x00\x03\xb0\x00\x00\x01\x89\x00\x00\x07\x3e\x00\x04\x74\x13" +
		"\x00\x00\x03\xd0\x00\x00\x01\x89\x00\x00\x06\x9a\x00\x09\x50\x1f" +
		"\x00\x00\x03\xe0\x00\x00\x01\x89\x00\x00\x07\x5a\x00\x04\x70\x13" +
		"\x00\x00\x03\xe8\x00\x00\x01\x89\x00\x00\x08\x3c\x00\x04\x6c\x16" +
		"\x00\x00\x03\xf0\x00\x00\x01\x89\x00\x00\x07\x76\x00\x04\x68\x15" +
		"\x00\x00\x03\xf8\x00\x00\x01\x89\x00\x00\x07\x96\x00\x04\x64\x16" +
		"\x00\x00\x04\x08\x00\x00\x01\x89\x00\x00\x07\xb8\x00\x04\x60\x15" +
		"\x00\x00\x04\x20\x00\x00\x01\x89\x00\x00\x07\xd8\x00\x04\x28\x1d" +
		"\x00\x00\x04\x28\x00\x00\x01\x89\x00\x00\x07\xd8\x00\x04\x28\x1b" +
		"\x00\x00\x04\x38\x00\x00\x01\x89\x00\x00\x08\x0b\x00\x04\x18\x1c" +
		"\x00\x00\x04\x40\x00\x00\x01\x89\x00\x00\x08\x0b\x00\x04\x18\x1a" +
		"\x00\x00\x04\x48\x00\x00\x01\x89\x00\x00\x07\x10\x00\x04\x04\x19" +
		"\x00\x00\x04\x50\x00\x00\x01\x89\x00\x00\x08\x5e\x00\x04\x30\x1b" +
		"\x00\x00\x04\x58\x00\x00\x01\x89\x00\x00\x08\x7d\x00\x04\x2c\x1b" +
		"\x00\x00\x04\x60\x00\x00\x01\x89\x00\x00\x08\x9c\x00\x04\x20\x1a" +
		"\x00\x00\x04\x68\x00\x00\x01\x89\x00\x00\x08\xba\x00\x04\x1c\x1a" +
		"\x00\x00\x04\x78\x00\x00\x01\x89\x00\x00\x04\xd6\x00\x05\x30\x0d" +
		"\x00\x00\x04\xb0\x00\x00\x01\x89\x00\x00\x04\xd6\x00\x05\x30\x0d" +
		"\x00\x00\x04\xe8\x00\x00\x01\x89\x00\x00\x06\xbe\x00\x03\xf4\x0d" +
		"\x00\x00\x05\x18\x00\x00\x01\x89\x00\x00\x07\x00\x00\x03\xf8\x09" +
		"\x00\x00\x05\x20\x00\x00\x01\x89\x00\x00\x07\x10\x00\x04\x04\x1b" +
		"\x00\x00\x05\x30\x00\x00\x01\x89\x00\x00\x07\x5a\x00\x04\x70\x13" +
		"\x00\x00\x05\x40\x00\x00\x01\x89\x00\x00\x08\x3c\x00\x04\x6c\x16" +
		"\x00\x00\x05\x48\x00\x00\x01\x89\x00\x00\x07\x76\x00\x04\x68\x15" +
		"\x00\x00\x05\x50\x00\x00\x01\x89\x00\x00\x07\x96\x00\x04\x64\x16" +
		"\x00\x00\x05\x60\x00\x00\x01\x89\x00\x00\x07\xb8\x00\x04\x60\x15" +
		"\x00\x00\x05\x70\x00\x00\x01\x89\x00\x00\x07\xd8\x00\x04\x28\x1d" +
		"\x00\x00\x05\x78\x00\x00\x01\x89\x00\x00\x07\xd8\x00\x04\x28\x1b" +
		"\x00\x00\x05\x88\x00\x00\x01\x89\x00\x00\x08\x0b\x00\x04\x18\x1c" +
		"\x00\x00\x05\x90\x00\x00\x01\x89\x00\x00\x08\x0b\x00\x04\x18\x1a" +
		"\x00\x00\x05\x98\x00\x00\x01\x89\x00\x00\x07\x10\x00\x04\x04\x19" +
		"\x00\x00\x05\xa0\x00\x00\x01\x89\x00\x00\x08\x5e\x00\x04\x30\x1b" +
		"\x00\x00\x05\xa8\x00\x00\x01\x89\x00\x00\x08\x7d\x00\x04\x2c\x1b" +
		"\x00\x00\x05\xb0\x00\x00\x01\x89\x00\x00\x08\x9c\x00\x04\x20\x1a" +
		"\x00\x00\x05\xb8\x00\x00\x01\x89\x00\x00\x08\xba\x00\x04\x1c\x1a" +
		"\x00\x00\x05\xd0\x00\x00\x01\x89\x00\x00\x00\x00\x00\x00\x00\x00" +
		"\x00\x00\x05\xd8\x00\x00\x01\x89\x00\x00\x01\xf2\x00\x05\x80\x09" +
		"\x00\x00\x05\xf8\x00\x00\x01\x89\x00\x00\x01\xf2\x00\x05\x80\x09" +
		"\x00\x00\x06\x00\x00\x00\x01\x89\x00\x00\x08\xd8\x00\x05\x8c\x0d" +
		"\x00\x00\x06\x08\x00\x00\x01\x89\x00\x00\x08\xd8\x00\x05\x8c\x24" +
		"\x00\x00\x06\x10\x00\x00\x01\x89\x00\x00\x08\xd8\x00\x05\x8c\x09" +
		"\x00\x00\x06\x18\x00\x00\x01\x89\x00\x00\x09\x01\x00\x05\xa4\x14" +
		"\x00\x00\x06\x38\x00\x00\x01\x89\x00\x00\x09\x2d\x00\x05\xa0\x13" +
		"\x00\x00\x06\x68\x00\x00\x01\x89\x00\x00\x09\x01\x00\x05\xa4\x14" +
		"\x00\x00\x06\x78\x00\x00\x01\x89\x00\x00\x09\x2d\x00\x05\xa0\x13" +
		"\x00\x00\x06\x80\x00\x00\x01\x89\x00\x00\x09\x01\x00\x05\xa4\x14" +
		"\x00\x00\x06\x90\x00\x00\x01\x89\x00\x00\x09\x2d\x00\x05\xa0\x13" +
		"\x00\x00\x06\x98\x00\x00\x01\x89\x00\x00\x09\x58\x00\x05\xac\x14" +
		"\x00\x00\x06\xa8\x00\x00\x01\x89\x00\x00\x09\x74\x00\x05\xb8\x09" +
		"\x00\x00\x06\xd8\x00\x00\x01\x89\x00\x00\x09\x97\x00\x05\xc4\x0d" +
		"\x00\x00\x07\x08\x00\x00\x01\x89\x00\x00\x09\x97\x00\x05\xc4\x0d" +
		"\x00\x00\x07\x10\x00\x00\x01\x89\x00\x00\x00\x00\x00\x00\x00\x00" +
		"\x00\x00\x07\x40\x00\x00\x01\x89\x00\x00\x03\x52\x00\x09\x88\x0f" +
		"\x00\x00\x07\x50\x00\x00\x01\x89\x00\x00\x00\x00\x00\x00\x00\x00" +
		"\x00\x00\x07\x58\x00\x00\x01\x89\x00\x00\x03\x6b\x00\x09\x8c\x2a" +
		"\x00\x00\x07\x78\x00\x00\x01\x89\x00\x00\x03\xca\x00\x09\x90\x1e" +
		"\x00\x00\x07\x80\x00\x00\x01\x89\x00\x00\x03\xca\x00\x09\x90\x29" +
		"\x00\x00\x07\x90\x00\x00\x01\x89\x00\x00\x04\x37\x00\x09\x98\x0d" +
		"\x00\x00\x07\xa0\x00\x00\x01\x89\x00\x00\x0c\x4b\x00\x04\x90\x13" +
		"\x00\x00\x07\xc0\x00\x00\x01\x89\x00\x00\x0c\x89\x00\x04\x94\x0c" +
		"\x00\x00\x07\xc8\x00\x00\x01\x89\x00\x00\x0c\x89\x00\x04\x94\x13" +
		"\x00\x00\x07\xd0\x00\x00\x01\x89\x00\x00\x0c\xa6\x00\x09\x94\x0f" +
		"\x00\x00\x07\xd8\x00\x00\x01\x89\x00\x00\x04\x37\x00\x09\x98\x0d" +
		"\x00\x00\x07\xf8\x00\x00\x01\x89\x00\x00\x04\x52\x00\x09\xa0\x1d" +
		"\x00\x00\x08\x18\x00\x00\x01\x89\x00\x00\x04\x9d\x00\x09\xa4\x11" +
		"\x00\x00\x08\x20\x00\x00\x01\x89\x00\x00\x04\xb7\x00\x09\xdc\x1a" +
		"\x00\x00\x08\x28\x00\x00\x01\x89\x00\x00\x0d\x5b\x00\x09\xec\x0d" +
		"\x00\x00\x08\x38\x00\x00\x01\x89\x00\x00\x0a\x8e\x00\x09\xd0\x24" +
		"\x00\x00\x08\x50\x00\x00\x01\x89\x00\x00\x0d\x5b\x00\x09\xec\x0d" +
		"\x00\x00\x08\x88\x00\x00\x01\x89\x00\x00\x0a\xb3\x00\x09\xc4\x0d" +
		"\x00\x00\x08\x98\x00\x00\x01\x89\x00\x00\x0d\x0f\x00\x09\xcc\x16" +
		"\x00\x00\x08\xb8\x00\x00\x01\x89\x00\x00\x0a\x8e\x00\x09\xd0\x24" +
		"\x00\x00\x08\xc8\x00\x00\x01\x89\x00\x00\x00\x00\x00\x00\x00\x00" +
		"\x00\x00\x08\xd0\x00\x00\x01\x89\x00\x00\x0a\xdd\x00\x09\xf8\x26" +
		"\x00\x00\x08\xf0\x00\x00\x01\x89\x00\x00\x06\x10\x00\x09\xfc\x0e" +
		"\x00\x00\x09\x08\x00\x00\x01\x89\x00\x00\x06\x10\x00\x09\xfc\x0d" +
		"\x00\x00\x09\x28\x00\x00\x01\x89\x00\x00\x06\x24\x00\x0a\x0c\x1f" +
		"\x00\x00\x09\x40\x00\x00\x01\x89\x00\x00\x0b\x2d\x00\x0a\x10\x19" +
		"\x00\x00\x09\x58\x00\x00\x01\x89\x00\x00\x06\x87\x00\x0a\x1c\x0d" +
		"\x00\x00\x09\x88\x00\x00\x01\x89\x00\x00\x06\xbe\x00\x03\xf4\x0d" +
		"\x00\x00\x09\xc0\x00\x00\x01\x89\x00\x00\x07\x00\x00\x03\xf8\x09" +
		"\x00\x00\x09\xc8\x00\x00\x01\x89\x00\x00\x07\x10\x00\x04\x04\x1b" +
		"\x00\x00\x09\xd0\x00\x00\x01\x89\x00\x00\x07\x10\x00\x04\x04\x19" +
		"\x00\x00\x09\xd8\x00\x00\x01\x89\x00\x00\x0b\x70\x00\x04\x0c\x09" +
		"\x00\x00\x09\xe8\x00\x00\x01\x89\x00\x00\x0b\x85\x00\x04\x4c\x1e" +
		"\x00\x00\x0a\x10\x00\x00\x01\x89\x00\x00\x0b\xaf\x00\x04\x50\x1f" +
		"\x00\x00\x0a\x18\x00\x00\x01\x89\x00\x00\x0b\x85\x00\x04\x4c\x1e" +
		"\x00\x00\x0a\x30\x00\x00\x01\x89\x00\x00\x0b\xaf\x00\x04\x50\x1f" +
		"\x00\x00\x0a\x68\x00\x00\x01\x89\x00\x00\x06\x9a\x00\x0a\x24\x18" +
		"\x00\x00\x0a\x88\x00\x00\x01\x89\x00\x00\x06\xbe\x00\x03\xf4\x0d" +
		"\x00\x00\x0a\xb8\x00\x00\x01\x89\x00\x00\x07\x00\x00\x03\xf8\x09" +
		"\x00\x00\x0a\xc0\x00\x00\x01\x89\x00\x00\x07\x10\x00\x04\x04\x1b" +
		"\x00\x00\x0a\xc8\x00\x00\x01\x89\x00\x00\x0b\x85\x00\x04\x4c\x1e" +
		"\x00\x00\x0a\xd8\x00\x00\x01\x89\x00\x00\x07\x10\x00\x04\x04\x19" +
		"\x00\x00\x0a\xe0\x00\x00\x01\x89\x00\x00\x0b\x85\x00\x04\x4c\x1e" +
		"\x00\x00\x0a\xf0\x00\x00\x01\x89\x00\x00\x0b\xaf\x00\x04\x50\x1f" +
		"\x00\x00\x0b\x00\x00\x00\x01\x89\x00\x00\x0b\x85\x00\x04\x4c\x1e" +
		"\x00\x00\x0b\x20\x00\x00\x01\x89\x00\x00\x0b\xaf\x00\x04\x50\x1f" +
		"\x00\x00\x0b\x30\x00\x00\x01\x89\x00\x00\x07\xb8\x00\x04\x60\x15" +
		"\x00\x00\x0b\x40\x00\x00\x01\x89\x00\x00\x07\x96\x00\x04\x64\x16" +
		"\x00\x00\x0b\x50\x00\x00\x01\x89\x00\x00\x07\x76\x00\x04\x68\x15" +
		"\x00\x00\x0b\x68\x00\x00\x01\x89\x00\x00\x06\x9a\x00\x0a\x24\x1f" +
		"\x00\x00\x0b\x78\x00\x00\x01\x89\x00\x00\x08\x3c\x00\x04\x6c\x16" +
		"\x00\x00\x0b\x80\x00\x00\x01\x89\x00\x00\x07\x5a\x00\x04\x70\x13" +
		"\x00\x00\x0b\x90\x00\x00\x01\x89\x00\x00\x07\x3e\x00\x04\x74\x13" +
		"\x00\x00\x0b\x98\x00\x00\x01\x89\x00\x00\x0b\xaf\x00\x04\x50\x1f" +
		"\x00\x00\x0b\xc8\x00\x00\x01\x89\x00\x00\x09\xeb\x00\x05\xe4\x0d" +
		"\x00\x00\x0b\xf8\x00\x00\x01\x89\x00\x00\x09\xeb\x00\x05\xe4\x0d" +
		"\x00\x00\x0c\x10\x00\x00\x01\x89\x00\x00\x08\x5e\x00\x04\x30\x1b" +
		"\x00\x00\x0c\x18\x00\x00\x01\x89\x00\x00\x08\x7d\x00\x04\x2c\x1b" +
		"\x00\x00\x0c\x20\x00\x00\x01\x89\x00\x00\x08\x9c\x00\x04\x20\x1a" +
		"\x00\x00\x0c\x28\x00\x00\x01\x89\x00\x00\x08\xba\x00\x04\x1c\x1a" +
		"\x00\x00\x0c\x30\x00\x00\x01\x89\x00\x00\x07\xd8\x00\x04\x28\x1d" +
		"\x00\x00\x0c\x38\x00\x00\x01\x89\x00\x00\x07\xd8\x00\x04\x28\x1b" +
		"\x00\x00\x0c\x48\x00\x00\x01\x89\x00\x00\x08\x0b\x00\x04\x18\x1c" +
		"\x00\x00\x0c\x50\x00\x00\x01\x89\x00\x00\x08\x0b\x00\x04\x18\x1a" +
		"\x00\x00\x0c\x68\x00\x00\x01\x89\x00\x00\x07\x3e\x00\x04\x74\x13" +
		"\x00\x00\x0c\x78\x00\x00\x01\x89\x00\x00\x08\x3c\x00\x04\x6c\x16" +
		"\x00\x00\x0c\x80\x00\x00\x01\x89\x00\x00\x07\x76\x00\x04\x68\x15" +
		"\x00\x00\x0c\x88\x00\x00\x01\x89\x00\x00\x07\x96\x00\x04\x64\x16" +
		"\x00\x00\x0c\x98\x00\x00\x01\x89\x00\x00\x07\xb8\x00\x04\x60\x15" +
		"\x00\x00\x0c\xa0\x00\x00\x01\x89\x00\x00\x07\x5a\x00\x04\x70\x13" +
		"\x00\x00\x0c\xa8\x00\x00\x01\x89\x00\x00\x0b\xdb\x00\x04\x7c\x05" +
		"\x00\x00\x0c\xc8\x00\x00\x01\x89\x00\x00\x06\xbe\x00\x03\xf4\x0d" +
		"\x00\x00\x0c\xf8\x00\x00\x01\x89\x00\x00\x07\x00\x00\x03\xf8\x09" +
		"\x00\x00\x0d\x00\x00\x00\x01\x89\x00\x00\x07\x10\x00\x04\x04\x1b" +
		"\x00\x00\x0d\x08\x00\x00\x01\x89\x00\x00\x0b\x85\x00\x04\x4c\x1e" +
		"\x00\x00\x0d\x18\x00\x00\x01\x89\x00\x00\x07\x10\x00\x04\x04\x19" +
		"\x00\x00\x0d\x20\x00\x00\x01\x89\x00\x00\x0b\x85\x00\x04\x4c\x1e" +
		"\x00\x00\x0d\x30\x00\x00\x01\x89\x00\x00\x0b\xaf\x00\x04\x50\x1f" +
		"\x00\x00\x0d\x38\x00\x00\x01\x89\x00\x00\x0b\x85\x00\x04\x4c\x1e" +
		"\x00\x00\x0d\x58\x00\x00\x01\x89\x00\x00\x0b\xaf\x00\x04\x50\x1f" +
		"\x00\x00\x0d\x68\x00\x00\x01\x89\x00\x00\x07\xb8\x00\x04\x60\x15" +
		"\x00\x00\x0d\x78\x00\x00\x01\x89\x00\x00\x07\x96\x00\x04\x64\x16" +
		"\x00\x00\x0d\x88\x00\x00\x01\x89\x00\x00\x07\x76\x00\x04\x68\x15" +
		"\x00\x00\x0d\x98\x00\x00\x01\x89\x00\x00\x08\x3c\x00\x04\x6c\x16" +
		"\x00\x00\x0d\xa8\x00\x00\x01\x89\x00\x00\x07\x5a\x00\x04\x70\x13" +
		"\x00\x00\x0d\xb0\x00\x00\x01\x89\x00\x00\x0b\xaf\x00\x04\x50\x1f" +
		"\x00\x00\x0d\xd0\x00\x00\x01\x89\x00\x00\x0b\xdb\x00\x04\x7c\x05" +
		"\x00\x00\x0d\xf0\x00\x00\x01\x89\x00\x00\x0b\xfd\x00\x0a\x64\x01" +
		"\x00\x00\x0d\xc1\x00\x00\x00\x20\x00\x00\x00\x00\x00\x00\x01\x89" +
		"\x00\x00\x0d\xde\x00\x0a\x74\x00\x00\x00\x00\x18\x00\x00\x01\x89" +
		"\x00\x00\x00\x00\x00\x00\x00\x00\x00\x00\x00\x20\x00\x00\x01\x89" +
		"\x00\x00\x01\xf2\x00\x04\xc0\x09\x00\x00\x00\x38\x00\x00\x01\x89" +
		"\x00\x00\x01\xf2\x00\x04\xc0\x09\x00\x00\x00\x40\x00\x00\x01\x89" +
		"\x00\x00\x02\x2b\x00\x04\xd0\x0d\x00\x00\x00\x48\x00\x00\x01\x89" +
		"\x00\x00\x02\x2b\x00\x04\xd0\x1f\x00\x00\x00\x58\x00\x00\x01\x89" +
		"\x00\x00\x02\x2b\x00\x04\xd0\x09\x00\x00\x00\x60\x00\x00\x01\x89" +
		"\x00\x00\x02\x4f\x00\x04\xf0\x28\x00\x00\x00\x70\x00\x00\x01\x89" +
		"\x00\x00\x02\x7b\x00\x04\xf4\x09\x00\x00\x00\x80\x00\x00\x01\x89" +
		"\x00\x00\x02\x9f\x00\x04\xe0\x13\x00\x00\x00\x88\x00\x00\x01\x89" +
		"\x00\x00\x02\xd0\x00\x04\xe4\x14\x00\x00\x00\x90\x00\x00\x01\x89" +
		"\x00\x00\x02\xed\x00\x05\x04\x09\x00\x00\x00\xa8\x00\x00\x01\x89" +
		"\x00\x00\x03\x11\x00\x05\x10\x0d\x00\x00\x00\xe0\x00\x00\x01\x89" +
		"\x00\x00\x03\x11\x00\x05\x10\x0d\x00\x00\x00\xe8\x00\x00\x01\x89" +
		"\x00\x00\x00\x00\x00\x00\x00\x00\x00\x00\x01\x00\x00\x00\x01\x89" +
		"\x00\x00\x0e\x12\x00\x0a\xa4\x1d\x00\x00\x01\x08\x00\x00\x01\x89" +
		"\x00\x00\x0e\x30\x00\x0a\xa0\x12\x00\x00\x01\x18\x00\x00\x01\x89" +
		"\x00\x00\x0e\x12\x00\x0a\xa4\x1d\x00\x00\x01\x20\x00\x00\x01\x89" +
		"\x00\x00\x0e\x73\x00\x0a\xb0\x16\x00\x00\x01\x38\x00\x00\x01\x89" +
		"\x00\x00\x0e\x12\x00\x0a\xa4\x1d\x00\x00\x01\x48\x00\x00\x01\x89" +
		"\x00\x00\x0e\xa5\x00\x0a\xb8\x05\x00\x00\x01\x58\x00\x00\x01\x89" +
		"\x00\x00\x00\x00\x00\x00\x00\x00\x00\x00\x01\x60\x00\x00\x01\x89" +
		"\x00\x00\x0e\xdd\x00\x0a\xc0\x22\x00\x00\x01\x78\x00\x00\x01\x89" +
		"\x00\x00\x0f\x26\x00\x0a\xc4\x09\x00\x00\x01\x88\x00\x00\x01\x89" +
		"\x00\x00\x0f\x36\x00\x0a\xcc\x17\x00\x00\x01\xa0\x00\x00\x01\x89" +
		"\x00\x00\x0f\x51\x00\x0a\xd0\x11\x00\x00\x01\xb8\x00\x00\x01\x89" +
		"\x00\x00\x0f\x89\x00\x0a\xd8\x0f\x00\x00\x01\xc0\x00\x00\x01\x89" +
		"\x00\x00\x0f\x89\x00\x0a\xd8\x19\x00\x00\x01\xc8\x00\x00\x01\x89" +
		"\x00\x00\x0f\x89\x00\x0a\xd8\x09\x00\x00\x01\xe8\x00\x00\x01\x89" +
		"\x00\x00\x04\xd6\x00\x05\x30\x0d\x00\x00\x02\x20\x00\x00\x01\x89" +
		"\x00\x00\x04\xd6\x00\x05\x30\x0d\x00\x00\x02\x38\x00\x00\x01\x89" +
		"\x00\x00\x0b\xfd\x00\x0a\xf8\x01\x00\x00\x0f\xc8\x00\x00\x00\x20" +
		"\x00\x00\x00\x00\x00\x00\x01\x89\x00\x00\x0f\xe6\x00\x0b\x08\x00" +
		"\x00\x00\x00\x18\x00\x00\x01\x89\x00\x00\x00\x00\x00\x00\x00\x00" +
		"\x00\x00\x00\x20\x00\x00\x01\x89\x00\x00\x01\xf2\x00\x04\xc0\x09" +
		"\x00\x00\x00\x38\x00\x00\x01\x89\x00\x00\x01\xf2\x00\x04\xc0\x09" +
		"\x00\x00\x00\x40\x00\x00\x01\x89\x00\x00\x02\x2b\x00\x04\xd0\x0d" +
		"\x00\x00\x00\x48\x00\x00\x01\x89\x00\x00\x02\x2b\x00\x04\xd0\x1f" +
		"\x00\x00\x00\x58\x00\x00\x01\x89\x00\x00\x02\x2b\x00\x04\xd0\x09" +
		"\x00\x00\x00\x60\x00\x00\x01\x89\x00\x00\x02\x4f\x00\x04\xf0\x28" +
		"\x00\x00\x00\x70\x00\x00\x01\x89\x00\x00\x02\x7b\x00\x04\xf4\x09" +
		"\x00\x00\x00\x80\x00\x00\x01\x89\x00\x00\x02\xb8\x00\x04\xdc\x12" +
		"\x00\x00\x00\x88\x00\x00\x01\x89\x00\x00\x02\xd0\x00\x04\xe4\x14" +
		"\x00\x00\x00\x90\x00\x00\x01\x89\x00\x00\x02\xed\x00\x05\x04\x09" +
		"\x00\x00\x00\xa8\x00\x00\x01\x89\x00\x00\x03\x11\x00\x05\x10\x0d" +
		"\x00\x00\x00\xe0\x00\x00\x01\x89\x00\x00\x03\x11\x00\x05\x10\x0d" +
		"\x00\x00\x00\xe8\x00\x00\x01\x89\x00\x00\x00\x00\x00\x00\x00\x00" +
		"\x00\x00\x01\x00\x00\x00\x01\x89\x00\x00\x0e\x12\x00\x0b\x38\x1d" +
		"\x00\x00\x01\x08\x00\x00\x01\x89\x00\x00\x10\x1b\x00\x0b\x34\x12" +
		"\x00\x00\x01\x20\x00\x00\x01\x89\x00\x00\x0e\x12\x00\x0b\x38\x1d" +
		"\x00\x00\x01\x28\x00\x00\x01\x89\x00\x00\x0e\x73\x00\x0b\x44\x16" +
		"\x00\x00\x01\x40\x00\x00\x01\x89\x00\x00\x0e\x12\x00\x0b\x38\x1d" +
		"\x00\x00\x01\x50\x00\x00\x01\x89\x00\x00\x10\x5f\x00\x0b\x4c\x05" +
		"\x00\x00\x01\x60\x00\x00\x01\x89\x00\x00\x00\x00\x00\x00\x00\x00" +
		"\x00\x00\x01\x68\x00\x00\x01\x89\x00\x00\x0e\xdd\x00\x0b\x54\x22" +
		"\x00\x00\x01\x80\x00\x00\x01\x89\x00\x00\x0f\x26\x00\x0b\x58\x09" +
		"\x00\x00\x01\x90\x00\x00\x01\x89\x00\x00\x0f\x36\x00\x0b\x60\x17" +
		"\x00\x00\x01\xa8\x00\x00\x01\x89\x00\x00\x0f\x51\x00\x0b\x64\x11" +
		"\x00\x00\x01\xc0\x00\x00\x01\x89\x00\x00\x0f\x89\x00\x0b\x6c\x0f" +
		"\x00\x00\x01\xc8\x00\x00\x01\x89\x00\x00\x0f\x89\x00\x0b\x6c\x19" +
		"\x00\x00\x01\xd0\x00\x00\x01\x89\x00\x00\x0f\x89\x00\x0b\x6c\x09" +
		"\x00\x00\x01\xf0\x00\x00\x01\x89\x00\x00\x04\xd6\x00\x05\x30\x0d" +
		"\x00\x00\x02\x28\x00\x00\x01\x89\x00\x00\x04\xd6\x00\x05\x30\x0d" +
		"\x00\x00\x02\x40\x00\x00\x01\x89\x00\x00\x0b\xfd\x00\x0b\x8c\x01" +
		"\x00\x00\x00\x0c\xff\xff\xff\xff\x04\x00\x08\x00\x08\x7c\x0b\x00" +
		"\x00\x00\x00\x14\x00\x00\x00\x00\x00\x00\x00\x00\x00\x00\x00\x00" +
		"\x00\x00\x00\x00\x00\x00\x0d\x48\x00\x00\x00\x14\x00\x00\x00\x00" +
		"\x00\x00\x00\x00\x00\x00\x00\x00\x00\x00\x00\x00\x00\x00\x0e\x08" +
		"\x00\x00\x00\x14\x00\x00\x00\x00\x00\x00\x00\x00\x00\x00\x00\x00" +
		"\x00\x00\x00\x00\x00\x00\x02\x40\x00\x00\x00\x14\x00\x00\x00\x00" +
		"\x00\x00\x00\x00\x00\x00\x00\x00\x00\x00\x00\x00\x00\x00\x02\x48" +
		"\x00\x00\x0a\x02\x00\x05\x08\x00\x00\x00\x00\x37\x08\x01\x01\xfb" +
		"\x0e\x0d\x00\x01\x01\x01\x01\x00\x00\x00\x01\x00\x00\x01\x01\x01" +
		"\x1f\x01\x00\x00\x00\x00\x03\x01\x1f\x02\x0f\x05\x1e\x01\x00\x00" +
		"\x00\x02\x00\xc1\xf2\x43\xd4\xbe\xa5\xc6\xaf\x88\x70\xf8\x94\x21" +
		"\x3d\x32\xe4\x04\x00\x00\x09\x02\x00\x00\x00\x00\x00\x00\x00\x00" +
		"\x03\x93\x03\x01\x05\x0b\x0a\x2f\x05\x1c\x06\x2e\x03\xeb\x7c\x2e" +
		"\x05\x09\x06\x03\xb0\x02\x2e\x06\x3c\x05\x0d\x06\x24\x05\x1f\x06" +
		"\x20\x05\x09\x2e\x05\x28\x06\x28\x05\x09\x2f\x06\x03\xc3\x7d\x20" +
		"\x05\x13\x06\x03\xb8\x02\x20\x05\x12\x1f\x05\x14\x22\x05\x09\x36" +
		"\x06\x03\xbf\x7d\x20\x03\xc1\x02\x2e\x05\x0d\x06\x31\x06\x03\xbc" +
		"\x7d\x20\x03\xc4\x02\x20\x03\xbc\x7d\x4a\x03\xc4\x02\x20\x05\x00" +
		"\x03\xbc\x7d\x20\x05\x0f\x06\x03\xab\x03\x74\x05\x00\x06\x03\xd5" +
		"\x7c\x2e\x05\x2a\x06\x03\xac\x03\x20\x05\x1e\x3d\x05\x29\x06\x2e" +
		"\x05\x16\x06\x21\x05\x0f\x06\x20\x05\x0d\x06\x21\x06\x03\xd1\x7c" +
		"\x20\x05\x1d\x06\x03\xb1\x03\x20\x05\x11\x4b\x06\x03\xce\x7c\x20" +
		"\x05\x1a\x06\x03\xbf\x03\x20\x05\x0d\x03\x8d\x7f\x2e\x06\x03\xb4" +
		"\x7d\x20\x03\xcc\x02\x20\x03\xb4\x7d\x4a\x03\xcc\x02\x20\x03\xb4" +
		"\x7d\x20\x05\x16\x06\x03\xae\x03\x20\x05\x0f\x06\x20\x03\xd2\x7c" +
		"\x20\x05\x21\x06\x03\xbc\x03\x20\x05\x09\x4f\x05\x16\x03\x7a\x20" +
		"\x05\x21\x4b\x06\x03\xc4\x7c\x20\x05\x26\x06\x03\xc3\x03\x2e\x05" +
		"\x0d\x3d\x06\x03\xbc\x7c\x2e\x05\x1f\x06\x03\xc9\x03\x20\x06\x03" +
		"\xb7\x7c\x20\x03\xc9\x03\x20\x05\x19\x06\x21\x05\x0d\x3f\x06\x03" +
		"\xb3\x7c\x20\x05\x18\x06\x03\xcf\x03\x20\x06\x03\xb1\x7c\x20\x03" +
		"\xcf\x03\x20\x03\xb1\x7c\x20\x05\x0d\x06\x03\xfd\x01\x20\x05\x09" +
		"\x67\x06\x03\x82\x7e\x20\x05\x1f\x06\x03\xcf\x03\x2e\x06\x03\xb1" +
		"\x7c\x20\x05\x1b\x06\x03\x81\x02\x20\x06\x03\xff\x7d\x20\x05\x13" +
		"\x06\x03\x9d\x02\x20\x1f\x05\x15\x1e\x05\x16\x2d\x05\x15\x2d\x05" +
		"\x1d\x03\x72\x3c\x05\x1b\x06\x20\x05\x1c\x06\x2a\x05\x1a\x06\x20" +
		"\x05\x19\x06\x1b\x05\x16\x03\x1a\x2e\x05\x1b\x03\x71\x20\x1f\x05" +
		"\x1a\x1d\x1f\x06\x03\xf9\x7d\x2e\x05\x0d\x06\x03\xfd\x01\x58\x05" +
		"\x09\x67\x05\x1b\x23\x06\x03\xff\x7d\x20\x05\x13\x06\x03\x9c\x02" +
		"\x20\x05\x15\x1e\x05\x16\x1f\x05\x15\x2d\x05\x1d\x03\x72\x2e\x05" +
		"\x1b\x06\x20\x05\x1c\x06\x2a\x05\x1a\x06\x20\x05\x19\x06\x1b\x05" +
		"\x16\x03\x1a\x20\x05\x1b\x03\x71\x20\x1f\x05\x1a\x1d\x1f\x06\x03" +
		"\xf9\x7d\x2e\x05\x09\x06\x03\xe0\x02\x2e\x06\x4a\x05\x0d\x06\x23" +
		"\x05\x24\x06\x20\x05\x09\x20\x05\x14\x06\x26\x05\x13\x49\x05\x14" +
		"\x67\x05\x13\x2d\x05\x14\x21\x05\x13\x2d\x05\x14\x23\x05\x09\x23" +
		"\x06\x03\x92\x7d\x20\x03\xee\x02\x2e\x03\x92\x7d\x2e\x05\x0d\x06" +
		"\x03\xf1\x02\x20\x06\x03\x8f\x7d\x58\x03\xf1\x02\x20\x05\x00\x03" +
		"\x8f\x7d\x20\x05\x0f\x06\x03\xdd\x03\x82\x05\x00\x06\x03\xa3\x7c" +
		"\x2e\x05\x2a\x06\x03\xde\x03\x20\x05\x1e\x3d\x05\x29\x06\x2e\x05" +
		"\x16\x06\x21\x05\x0f\x06\x20\x05\x0d\x06\x21\x06\x03\x9f\x7c\x20" +
		"\x05\x1d\x06\x03\xe3\x03\x20\x05\x11\x4b\x06\x03\x9c\x7c\x20\x05" +
		"\x1a\x06\x03\xf2\x03\x20\x06\x03\x8e\x7c\x2e\x05\x0d\x06\x03\xf9" +
		"\x02\x20\x06\x03\x87\x7d\x58\x03\xf9\x02\x20\x03\x87\x7d\x20\x05" +
		"\x16\x06\x03\xe0\x03\x20\x05\x0f\x06\x20\x05\x0d\x06\x03\x16\x20" +
		"\x05\x24\x03\x79\x20\x05\x0d\x43\x03\x76\x74\x06\x03\x94\x7c\x20" +
		"\x05\x16\x06\x03\xee\x03\x20\x05\x24\x3d\x06\x03\x91\x7c\x20\x05" +
		"\x26\x06\x03\xf9\x03\x2e\x05\x0d\x3d\x06\x03\x86\x7c\x2e\x05\x1f" +
		"\x06\x03\xfe\x03\x20\x06\x03\x82\x7c\x20\x03\xfe\x03\x20\x05\x19" +
		"\x06\x21\x05\x0d\x3f\x06\x03\xfe\x7b\x20\x06\x03\xfd\x01\x58\x05" +
		"\x09\x67\x05\x1b\x23\x05\x19\x06\x20\x05\x09\x06\x22\x05\x1e\x03" +
		"\x10\x2e\x05\x1f\x59\x05\x1e\x1f\x05\x1f\x3d\x06\x03\xec\x7d\x66" +
		"\x05\x18\x06\x03\x84\x04\x2e\x06\x03\xfc\x7b\x3c\x05\x0d\x06\x03" +
		"\xfd\x01\x20\x05\x09\x67\x05\x1b\x23\x05\x1e\x03\x12\x20\x05\x19" +
		"\x03\x6e\x2e\x05\x1e\x03\x12\x20\x05\x1f\x2f\x05\x1e\x2d\x05\x1f" +
		"\x03\xf1\x01\x66\x06\x03\xfc\x7b\x20\x06\x03\x94\x02\x20\x05\x15" +
		"\x32\x05\x16\x2f\x05\x15\x2f\x05\x13\x22\x2f\x05\x1f\x03\x77\x20" +
		"\x05\x16\x51\x06\x03\xe5\x7d\x2e\x05\x1b\x06\x03\x8c\x02\x20\x1f" +
		"\x05\x1a\x1d\x1f\x05\x1d\x23\x05\x1b\x06\x20\x05\x1c\x06\x2a\x05" +
		"\x1a\x06\x20\x03\xfa\x7d\x20\x05\x13\x06\x03\x9d\x02\x20\x05\x15" +
		"\x2b\x05\x16\x1f\x05\x15\x2d\x05\x13\x24\x05\x16\x1f\x05\x05\x24" +
		"\x06\x03\xe1\x7d\x3c\x05\x0d\x06\x03\xfd\x01\x2e\x05\x09\x67\x05" +
		"\x1b\x23\x05\x1e\x03\x12\x20\x05\x19\x03\x6e\x2e\x05\x1e\x03\x12" +
		"\x20\x05\x1f\x2f\x05\x1e\x1f\x05\x1f\x4b\x05\x15\x32\x05\x16\x2f" +
		"\x05\x15\x2f\x05\x13\x30\x05\x1f\x03\x78\x20\x05\x16\x51\x05\x05" +
		"\x24\x06\x03\xe1\x7d\x3c\x05\x01\x06\x03\x94\x04\x20\x02\x03\x00" +
		"\x01\x01\x04\x00\x00\x09\x02\x00\x00\x00\x00\x00\x00\x00\x00\x03" +
		"\x98\x04\x01\x05\x0b\x0a\x2f\x05\x1c\x06\x2e\x03\xe6\x7b\x2e\x05" +
		"\x09\x06\x03\xb0\x02\x2e\x06\x3c\x05\x0d\x06\x24\x05\x1f\x06\x20" +
		"\x05\x09\x2e\x05\x28\x06\x28\x05\x09\x2f\x06\x03\xc3\x7d\x20\x05" +
		"\x13\x06\x03\xb8\x02\x20\x05\x12\x1f\x05\x14\x22\x05\x09\x36\x06" +
		"\x03\xbf\x7d\x20\x03\xc1\x02\x2e\x05\x0d\x06\x31\x06\x03\xbc\x7d" +
		"\x20\x03\xc4\x02\x20\x03\xbc\x7d\x4a\x03\xc4\x02\x20\x05\x00\x03" +
		"\xbc\x7d\x20\x05\x0f\x06\x03\xb0\x04\x66\x05\x00\x06\x03\xd0\x7b" +
		"\x2e\x05\x2a\x06\x03\xb1\x04\x20\x06\x03\xcf\x7b\x3c\x05\x1e\x06" +
		"\x03\xb2\x04\x20\x05\x29\x06\x20\x05\x0d\x06\x30\x06\x03\xcc\x7b" +
		"\x20\x05\x13\x06\x03\xa4\x02\x20\x05\x0c\x4b\x05\x13\x06\x20\x05" +
		"\x0f\x06\x03\x8e\x02\x20\x05\x0d\x21\x06\x03\xcc\x7b\x3c\x05\x1d" +
		"\x06\x03\xb6\x04\x20\x05\x11\x4b\x05\x1a\x03\x0d\x20\x05\x21\x1d" +
		"\x05\x09\x41\x05\x16\x03\x7a\x2e\x05\x21\x59\x06\x03\xbf\x7b\x3c" +
		"\x05\x26\x06\x03\xc8\x04\x2e\x06\x03\xb8\x7b\x3c\x05\x0e\x06\x03" +
		"\xc9\x04\x20\x06\x03\xb7\x7b\x20\x05\x0d\x03\xc9\x04\x2e\x03\xb7" +
		"\x7b\x3c\x05\x1f\x06\x03\xce\x04\x20\x06\x03\xb2\x7b\x20\x03\xce" +
		"\x04\x20\x05\x19\x06\x21\x05\x0d\x3f\x05\x18\x22\x06\x03\xac\x7b" +
		"\x3c\x05\x0d\x06\x03\xfd\x01\x20\x05\x09\x67\x05\x1b\x23\x06\x03" +
		"\xff\x7d\x20\x05\x13\x06\x03\x9d\x02\x20\x05\x1f\x03\xb7\x02\x4a" +
		"\x06\x03\xac\x7b\x20\x05\x13\x06\x03\x9c\x02\x20\x05\x16\x1f\x05" +
		"\x15\x1f\x05\x16\x1f\x05\x15\x2d\x05\x1d\x03\x72\x3c\x05\x1b\x06" +
		"\x20\x05\x1c\x06\x2a\x05\x1a\x06\x20\x05\x19\x06\x1b\x05\x1b\x03" +
		"\x0b\x20\x1f\x05\x1a\x1d\x1f\x05\x0d\x03\xc5\x00\x2e\x06\x03\xb4" +
		"\x7d\x20\x03\xcc\x02\x20\x03\xb4\x7d\x4a\x03\xcc\x02\x20\x03\xb4" +
		"\x7d\x20\x06\x03\xfd\x01\x66\x05\x09\x67\x05\x1b\x23\x06\x03\xff" +
		"\x7d\x20\x05\x13\x06\x03\x9c\x02\x20\x05\x16\x2d\x05\x15\x1f\x05" +
		"\x16\x1f\x05\x15\x2d\x05\x1d\x03\x72\x2e\x05\x1b\x06\x20\x05\x1c" +
		"\x06\x2a\x05\x1a\x06\x20\x05\x19\x06\x1b\x05\x1b\x03\x0b\x20\x1f" +
		"\x05\x1a\x1d\x1f\x06\x03\xf9\x7d\x2e\x05\x09\x06\x03\xe0\x02\x2e" +
		"\x06\x4a\x05\x0d\x06\x23\x05\x24\x06\x20\x05\x09\x20\x05\x14\x06" +
		"\x26\x05\x13\x49\x05\x14\x67\x05\x13\x2d\x05\x14\x21\x05\x13\x2d" +
		"\x05\x14\x23\x05\x09\x31\x06\x03\x92\x7d\x20\x03\xee\x02\x2e\x03" +
		"\x92\x7d\x2e\x05\x0d\x06\x03\xf1\x02\x20\x06\x03\x8f\x7d\x58\x03" +
		"\xf1\x02\x20\x05\x00\x03\x8f\x7d\x20\x05\x0f\x06\x03\xe2\x04\x66" +
		"\x05\x00\x06\x03\x9e\x7b\x2e\x05\x2a\x06\x03\xe3\x04\x20\x06\x03" +
		"\x9d\x7b\x3c\x05\x1e\x06\x03\xe4\x04\x20\x05\x29\x06\x20\x05\x0d" +
		"\x06\x30\x06\x03\x9a\x7b\x20\x05\x13\x06\x03\xa4\x02\x20\x05\x0c" +
		"\x4b\x05\x13\x06\x20\x05\x0f\x06\x03\xc0\x02\x20\x05\x0d\x21\x06" +
		"\x03\x9a\x7b\x3c\x05\x1d\x06\x03\xe8\x04\x20\x05\x11\x4b\x05\x1a" +
		"\x03\x0e\x20\x05\x0d\x24\x05\x24\x03\x79\x2e\x05\x0d\x43\x03\x76" +
		"\x74\x06\x03\x8f\x7b\x20\x05\x16\x06\x03\xf3\x04\x20\x05\x24\x4b" +
		"\x06\x03\x8c\x7b\x20\x05\x26\x06\x03\xfe\x04\x2e\x06\x03\x82\x7b" +
		"\x3c\x05\x0e\x06\x03\xff\x04\x20\x06\x03\x81\x7b\x20\x05\x0d\x03" +
		"\xff\x04\x2e\x03\x81\x7b\x3c\x05\x1f\x06\x03\x83\x05\x20\x06\x03" +
		"\xfd\x7a\x20\x03\x83\x05\x20\x05\x19\x06\x21\x05\x0d\x3f\x06\x03" +
		"\xf9\x7a\x20\x06\x03\xfd\x01\x58\x06\x03\x83\x7e\x66\x05\x09\x06" +
		"\x03\xfe\x01\x20\x05\x1b\x23\x05\x19\x06\x20\x05\x09\x06\x22\x05" +
		"\x1e\x03\x10\x2e\x05\x1f\x59\x05\x1e\x1f\x05\x1f\x3d\x06\x03\xec" +
		"\x7d\x66\x05\x18\x06\x03\x89\x05\x20\x06\x03\xf7\x7a\x3c\x05\x0d" +
		"\x06\x03\xfd\x01\x20\x05\x09\x67\x05\x1b\x23\x05\x1e\x03\x12\x20" +
		"\x05\x19\x03\x6e\x2e\x05\x1e\x03\x12\x20\x05\x1f\x2f\x05\x1e\x2d" +
		"\x05\x1f\x4b\x05\x15\x32\x05\x16\x2f\x05\x15\x2f\x05\x1f\x03\xef" +
		"\x02\x3c\x06\x03\xf7\x7a\x20\x05\x16\x06\x03\x9b\x02\x20\x05\x13" +
		"\x21\x2f\x05\x1f\x03\x77\x20\x06\x03\xec\x7d\x58\x05\x0d\x06\x03" +
		"\xf9\x02\x20\x06\x03\x87\x7d\x58\x03\xf9\x02\x20\x03\x87\x7d\x20" +
		"\x05\x1b\x06\x03\x8c\x02\x2e\x1f\x05\x1a\x1d\x1f\x05\x1d\x23\x05" +
		"\x1b\x06\x20\x05\x1c\x06\x2a\x05\x1a\x06\x20\x03\xfa\x7d\x20\x05" +
		"\x13\x06\x03\x9d\x02\x2e\x05\x16\x2c\x05\x15\x1f\x05\x16\x1f\x05" +
		"\x15\x2d\x05\x13\x24\x05\x05\x23\x06\x03\xe1\x7d\x3c\x05\x0d\x06" +
		"\x03\xfd\x01\x20\x05\x09\x67\x05\x1b\x23\x05\x1e\x03\x12\x20\x05" +
		"\x19\x03\x6e\x2e\x05\x1e\x03\x12\x20\x05\x1f\x2f\x05\x1e\x1f\x05" +
		"\x1f\x4b\x05\x15\x32\x05\x16\x2f\x05\x15\x2f\x05\x16\x2f\x05\x13" +
		"\x2f\x05\x1f\x03\x78\x20\x05\x05\x03\x0b\x4a\x06\x03\xe1\x7d\x3c" +
		"\x05\x01\x06\x03\x99\x05\x20\x02\x03\x00\x01\x01\x04\x00\x00\x09" +
		"\x02\x00\x00\x00\x00\x00\x00\x00\x00\x03\x9d\x05\x01\x06\x03\xe2" +
		"\x7a\x3c\x05\x09\x06\x0a\x03\xb0\x02\x20\x06\x3c\x05\x0d\x06\x24" +
		"\x05\x1f\x06\x20\x05\x09\x2e\x05\x28\x06\x28\x05\x09\x2f\x06\x03" +
		"\xc3\x7d\x20\x05\x13\x06\x03\xb8\x02\x20\x05\x14\x21\x05\x09\x28" +
		"\x06\x03\xbf\x7d\x20\x03\xc1\x02\x20\x05\x0d\x06\x23\x06\x03\xbc" +
		"\x7d\x20\x03\xc4\x02\x20\x03\xbc\x7d\x4a\x03\xc4\x02\x20\x05\x00" +
		"\x03\xbc\x7d\x20\x05\x1d\x06\x03\xa9\x05\x3c\x05\x12\x1f\x05\x1d" +
		"\x2f\x05\x16\x23\x06\x03\xd4\x7a\x20\x05\x1d\x06\x03\xa9\x05\x2e" +
		"\x05\x05\x33\x06\x03\xd2\x7a\x20\x05\x22\x06\x03\xb0\x05\x2e\x05" +
		"\x09\x3d\x06\x03\xcf\x7a\x20\x05\x17\x06\x03\xb3\x05\x20\x06\x03" +
		"\xcd\x7a\x20\x03\xb3\x05\x20\x05\x11\x06\x21\x05\x0f\x3e\x05\x19" +
		"\x06\x20\x05\x09\x20\x03\xca\x7a\x20\x05\x0d\x06\x03\xcc\x02\x3c" +
		"\x06\x03\xb4\x7d\x20\x03\xcc\x02\x20\x03\xb4\x7d\x4a\x03\xcc\x02" +
		"\x20\x03\xb4\x7d\x20\x05\x01\x06\x03\xbe\x05\x2e\x02\x01\x00\x01" +
		"\x01\x04\x00\x00\x09\x02\x00\x00\x00\x00\x00\x00\x00\x00\x03\xc2" +
		"\x05\x01\x06\x03\xbd\x7a\x3c\x05\x09\x06\x0a\x03\xb0\x02\x20\x06" +
		"\x3c\x05\x0d\x06\x24\x05\x1f\x06\x20\x05\x09\x2e\x05\x28\x06\x28" +
		"\x05\x09\x2f\x06\x03\xc3\x7d\x20\x05\x12\x06\x03\xb7\x02\x20\x05" +
		"\x14\x22\x05\x09\x28\x06\x03\xbf\x7d\x20\x03\xc1\x02\x20\x05\x0d" +
		"\x06\x23\x06\x03\xbc\x7d\x20\x03\xc4\x02\x20\x03\xbc\x7d\x4a\x03" +
		"\xc4\x02\x20\x05\x00\x03\xbc\x7d\x20\x05\x1d\x06\x03\xce\x05\x3c" +
		"\x05\x12\x1f\x05\x1d\x3d\x05\x16\x23\x06\x03\xaf\x7a\x20\x05\x1d" +
		"\x06\x03\xce\x05\x2e\x05\x05\x33\x06\x03\xad\x7a\x20\x05\x22\x06" +
		"\x03\xd5\x05\x2e\x05\x09\x3d\x06\x03\xaa\x7a\x20\x05\x17\x06\x03" +
		"\xd8\x05\x20\x06\x03\xa8\x7a\x20\x03\xd8\x05\x20\x05\x11\x06\x21" +
		"\x05\x0f\x3e\x05\x19\x06\x20\x05\x09\x20\x03\xa5\x7a\x20\x05\x0d" +
		"\x06\x03\xcc\x02\x3c\x06\x03\xb4\x7d\x20\x03\xcc\x02\x20\x03\xb4" +
		"\x7d\x4a\x03\xcc\x02\x20\x03\xb4\x7d\x20\x05\x01\x06\x03\xe3\x05" +
		"\x2e\x02\x01\x00\x01\x01\x2e\x00\x2e\x2e\x2f\x2e\x2e\x2f\x62\x70" +
		"\x66\x2f\x66\x69\x6c\x74\x65\x72\x2e\x63\x00\x00\x00\x00\x00\x00" +
		"\x00\x00\x00\x00\x00\x00\x00\x00\x00\x00\x00\x00\x00\x00\x00\x00" +
		"\x00\x00\x00\x00\x00\x00\x00\x00\x00\x00\x01\xe1\x04\x00\xff\xf1" +
		"\x00\x00\x00\x00\x00\x00\x00\x00\x00\x00\x00\x00\x00\x00\x00\x00" +
		"\x00\x00\x00\x00\x03\x00\x00\x03\x00\x00\x00\x00\x00\x00\x00\x00" +
		"\x00\x00\x00\x00\x00\x00\x00\x00\x00\x00\x02\x84\x00\x00\x00\x03" +
		"\x00\x00\x00\x00\x00\x00\x05\x70\x00\x00\x00\x00\x00\x00\x00\x00" +
		"\x00\x00\x03\x7b\x00\x00\x00\x03\x00\x00\x00\x00\x00\x00\x00\xa0" +
		"\x00\x00\x00\x00\x00\x00\x00\x00\x00\x00\x04\x2a\x00\x00\x00\x03" +
		"\x00\x00\x00\x00\x00\x00\x02\x08\x00\x00\x00\x00\x00\x00\x00\x00" +
		"\x00\x00\x02\x4d\x00\x00\x00\x03\x00\x00\x00\x00\x00\x00\x01\x50" +
		"\x00\x00\x00\x00\x00\x00\x00\x00\x00\x00\x02\xb1\x00\x00\x00\x03" +
		"\x00\x00\x00\x00\x00\x00\x01\x28\x00\x00\x00\x00\x00\x00\x00\x00" +
		"\x00\x00\x02\x11\x00\x00\x00\x03\x00\x00\x00\x00\x00\x00\x01\xa0" +
		"\x00\x00\x00\x00\x00\x00\x00\x00\x00\x00\x03\xb2\x00\x00\x00\x03" +
		"\x00\x00\x00\x00\x00\x00\x02\x50\x00\x00\x00\x00\x00\x00\x00\x00" +
		"\x00\x00\x03\x5e\x00\x00\x00\x03\x00\x00\x00\x00\x00\x00\x02\x60" +
		"\x00\x00\x00\x00\x00\x00\x00\x00\x00\x00\x03\x16\x00\x00\x00\x03" +
		"\x00\x00\x00\x00\x00\x00\x04\x90\x00\x00\x00\x00\x00\x00\x00\x00" +
		"\x00\x00\x02\x94\x00\x00\x00\x03\x00\x00\x00\x00\x00\x00\x03\x28" +
		"\x00\x00\x00\x00\x00\x00\x00\x00\x00\x00\x03\x46\x00\x00\x00\x03" +
		"\x00\x00\x00\x00\x00\x00\x04\x70\x00\x00\x00\x00\x00\x00\x00\x00" +
		"\x00\x00\x04\x5a\x00\x00\x00\x03\x00\x00\x00\x00\x00\x00\x03\x58" +
		"\x00\x00\x00\x00\x00\x00\x00\x00\x00\x00\x04\x7a\x00\x00\x00\x03" +
		"\x00\x00\x00\x00\x00\x00\x0d\x30\x00\x00\x00\x00\x00\x00\x00\x00" +
		"\x00\x00\x03\x9a\x00\x00\x00\x03\x00\x00\x00\x00\x00\x00\x03\xb0" +
		"\x00\x00\x00\x00\x00\x00\x00\x00\x00\x00\x02\x28\x00\x00\x00\x03" +
		"\x00\x00\x00\x00\x00\x00\x0b\xe8\x00\x00\x00\x00\x00\x00\x00\x00" +
		"\x00\x00\x02\x6c\x00\x00\x00\x03\x00\x00\x00\x00\x00\x00\x09\x08" +
		"\x00\x00\x00\x00\x00\x00\x00\x00\x00\x00\x03\x82\x00\x00\x00\x03" +
		"\x00\x00\x00\x00\x00\x00\x0d\x28\x00\x00\x00\x00\x00\x00\x00\x00" +
		"\x00\x00\x03\xc2\x00\x00\x00\x03\x00\x00\x00\x00\x00\x00\x0d\x10" +
		"\x00\x00\x00\x00\x00\x00\x00\x00\x00\x00\x02\x7c\x00\x00\x00\x03" +
		"\x00\x00\x00\x00\x00\x00\x07\x98\x00\x00\x00\x00\x00\x00\x00\x00" +
		"\x00\x00\x03\x92\x00\x00\x00\x03\x00\x00\x00\x00\x00\x00\x06\xd8" +
		"\x00\x00\x00\x00\x00\x00\x00\x00\x00\x00\x03\xe2\x00\x00\x00\x03" +
		"\x00\x00\x00\x00\x00\x00\x06\xb0\x00\x00\x00\x00\x00\x00\x00\x00" +
		"\x00\x00\x03\x3e\x00\x00\x00\x03\x00\x00\x00\x00\x00\x00\x07\x30" +
		"\x00\x00\x00\x00\x00\x00\x00\x00\x00\x00\x04\x8a\x00\x00\x00\x03" +
		"\x00\x00\x00\x00\x00\x00\x07\xe0\x00\x00\x00\x00\x00\x00\x00\x00" +
		"\x00\x00\x04\x52\x00\x00\x00\x03\x00\x00\x00\x00\x00\x00\x07\xf0" +
		"\x00\x00\x00\x00\x00\x00\x00\x00\x00\x00\x04\x3a\x00\x00\x00\x03" +
		"\x00\x00\x00\x00\x00\x00\x0c\x08\x00\x00\x00\x00\x00\x00\x00\x00" +
		"\x00\x00\x03\xda\x00\x00\x00\x03\x00\x00\x00\x00\x00\x00\x08\x58" +
		"\x00\x00\x00\x00\x00\x00\x00\x00\x00\x00\x03\x06\x00\x00\x00\x03" +
		"\x00\x00\x00\x00\x00\x00\x08\xe8\x00\x00\x00\x00\x00\x00\x00\x00" +
		"\x00\x00\x04\x42\x00\x00\x00\x03\x00\x00\x00\x00\x00\x00\x09\xf0" +
		"\x00\x00\x00\x00\x00\x00\x00\x00\x00\x00\x02\xc8\x00\x00\x00\x03" +
		"\x00\x00\x00\x00\x00\x00\x0b\x50\x00\x00\x00\x00\x00\x00\x00\x00" +
		"\x00\x00\x02\x5c\x00\x00\x00\x03\x00\x00\x00\x00\x00\x00\x0b\xa0" +
		"\x00\x00\x00\x00\x00\x00\x00\x00\x00\x00\x03\xca\x00\x00\x00\x03" +
		"\x00\x00\x00\x00\x00\x00\x0a\x18\x00\x00\x00\x00\x00\x00\x00\x00" +
		"\x00\x00\x02\xf6\x00\x00\x00\x03\x00\x00\x00\x00\x00\x00\x0a\xd0" +
		"\x00\x00\x00\x00\x00\x00\x00\x00\x00\x00\x00\x00\x03\x00\x00\x05" +
		"\x00\x00\x00\x00\x00\x00\x00\x00\x00\x00\x00\x00\x00\x00\x00\x00" +
		"\x00\x00\x04\x22\x00\x00\x00\x05\x00\x00\x00\x00\x00\x00\x05\xc8" +
		"\x00\x00\x00\x00\x00\x00\x00\x00\x00\x00\x03\x74\x00\x00\x00\x05" +
		"\x00\x00\x00\x00\x00\x00\x00\xa0\x00\x00\x00\x00\x00\x00\x00\x00" +
		"\x00\x00\x02\xd8\x00\x00\x00\x05\x00\x00\x00\x00\x00\x00\x04\x78" +
		"\x00\x00\x00\x00\x00\x00\x00\x00\x00\x00\x02\x46\x00\x00\x00\x05" +
		"\x00\x00\x00\x00\x00\x00\x01\x50\x00\x00\x00\x00\x00\x00\x00\x00" +
		"\x00\x00\x02\xaa\x00\x00\x00\x05\x00\x00\x00\x00\x00\x00\x01\x28" +
		"\x00\x00\x00\x00\x00\x00\x00\x00\x00\x00\x04\x72\x00\x00\x00\x05" +
		"\x00\x00\x00\x00\x00\x00\x01\xb8\x00\x00\x00\x00\x00\x00\x00\x00" +
		"\x00\x00\x04\x02\x00\x00\x00\x05\x00\x00\x00\x00\x00\x00\x01\xe8" +
		"\x00\x00\x00\x00\x00\x00\x00\x00\x00\x00\x03\x2e\x00\x00\x00\x05" +
		"\x00\x00\x00\x00\x00\x00\x02\x40\x00\x00\x00\x00\x00\x00\x00\x00" +
		"\x00\x00\x04\x92\x00\x00\x00\x05\x00\x00\x00\x00\x00\x00\x04\xe0" +
		"\x00\x00\x00\x00\x00\x00\x00\x00\x00\x00\x02\x8c\x00\x00\x00\x05" +
		"\x00\x00\x00\x00\x00\x00\x02\xe8\x00\x00\x00\x00\x00\x00\x00\x00" +
		"\x00\x00\x04\x9a\x00\x00\x00\x05\x00\x00\x00\x00\x00\x00\x03\x40" +
		"\x00\x00\x00\x00\x00\x00\x00\x00\x00\x00\x02\x30\x00\x00\x00\x05" +
		"\x00\x00\x00\x00\x00\x00\x04\xc0\x00\x00\x00\x00\x00\x00\x00\x00" +
		"\x00\x00\x03\xea\x00\x00\x00\x05\x00\x00\x00\x00\x00\x00\x03\x68" +
		"\x00\x00\x00\x00\x00\x00\x00\x00\x00\x00\x02\x54\x00\x00\x00\x05" +
		"\x00\x00\x00\x00\x00\x00\x0d\xf0\x00\x00\x00\x00\x00\x00\x00\x00" +
		"\x00\x00\x03\x0e\x00\x00\x00\x05\x00\x00\x00\x00\x00\x00\x03\xe0" +
		"\x00\x00\x00\x00\x00\x00\x00\x00\x00\x00\x02\xb8\x00\x00\x00\x05" +
		"\x00\x00\x00\x00\x00\x00\x0c\xa8\x00\x00\x00\x00\x00\x00\x00\x00" +
		"\x00\x00\x03\x8a\x00\x00\x00\x05\x00\x00\x00\x00\x00\x00\x09\x78" +
		"\x00\x00\x00\x00\x00\x00\x00\x00\x00\x00\x04\x0a\x00\x00\x00\x05" +
		"\x00\x00\x00\x00\x00\x00\x0d\xe8\x00\x00\x00\x00\x00\x00\x00\x00" +
		"\x00\x00\x04\x32\x00\x00\x00\x05\x00\x00\x00\x00\x00\x00\x0d\xd0" +
		"\x00\x00\x00\x00\x00\x00\x00\x00\x00\x00\x03\xba\x00\x00\x00\x05" +
		"\x00\x00\x00\x00\x00\x00\x0b\xc0\x00\x00\x00\x00\x00\x00\x00\x00" +
		"\x00\x00\x02\x74\x00\x00\x00\x05\x00\x00\x00\x00\x00\x00\x07\x38" +
		"\x00\x00\x00\x00\x00\x00\x00\x00\x00\x00\x02\xd0\x00\x00\x00\x05" +
		"\x00\x00\x00\x00\x00\x00\x07\x10\x00\x00\x00\x00\x00\x00\x00\x00" +
		"\x00\x00\x04\x4a\x00\x00\x00\x05\x00\x00\x00\x00\x00\x00\x07\xa0" +
		"\x00\x00\x00\x00\x00\x00\x00\x00\x00\x00\x03\xd2\x00\x00\x00\x05" +
		"\x00\x00\x00\x00\x00\x00\x07\xd0\x00\x00\x00\x00\x00\x00\x00\x00" +
		"\x00\x00\x02\xfe\x00\x00\x00\x05\x00\x00\x00\x00\x00\x00\x08\x28" +
		"\x00\x00\x00\x00\x00\x00\x00\x00\x00\x00\x02\x18\x00\x00\x00\x05" +
		"\x00\x00\x00\x00\x00\x00\x0c\xc8\x00\x00\x00\x00\x00\x00\x00\x00" +
		"\x00\x00\x02\x64\x00\x00\x00\x05\x00\x00\x00\x00\x00\x00\x08\x98" +
		"\x00\x00\x00\x00\x00\x00\x00\x00\x00\x00\x04\x82\x00\x00\x00\x05" +
		"\x00\x00\x00\x00\x00\x00\x09\x00\x00\x00\x00\x00\x00\x00\x00\x00" +
		"\x00\x00\x04\x1a\x00\x00\x00\x05\x00\x00\x00\x00\x00\x00\x09\x58" +
		"\x00\x00\x00\x00\x00\x00\x00\x00\x00\x00\x02\xc0\x00\x00\x00\x05" +
		"\x00\x00\x00\x00\x00\x00\x0a\x68\x00\x00\x00\x00\x00\x00\x00\x00" +
		"\x00\x00\x03\x36\x00\x00\x00\x05\x00\x00\x00\x00\x00\x00\x0c\x08" +
		"\x00\x00\x00\x00\x00\x00\x00\x00\x00\x00\x02\xee\x00\x00\x00\x05" +
		"\x00\x00\x00\x00\x00\x00\x0c\x58\x00\x00\x00\x00\x00\x00\x00\x00" +
		"\x00\x00\x02\x20\x00\x00\x00\x05\x00\x00\x00\x00\x00\x00\x0a\x88" +
		"\x00\x00\x00\x00\x00\x00\x00\x00\x00\x00\x04\x12\x00\x00\x00\x05" +
		"\x00\x00\x00\x00\x00\x00\x0b\x78\x00\x00\x00\x00\x00\x00\x00\x00" +
		"\x00\x00\x00\x00\x03\x00\x00\x07\x00\x00\x00\x00\x00\x00\x00\x00" +
		"\x00\x00\x00\x00\x00\x00\x00\x00\x00\x00\x04\x6a\x00\x00\x00\x07" +
		"\x00\x00\x00\x00\x00\x00\x02\x30\x00\x00\x00\x00\x00\x00\x00\x00" +
		"\x00\x00\x03\x6d\x00\x00\x00\x07\x00\x00\x00\x00\x00\x00\x00\x80" +
		"\x00\x00\x00\x00\x00\x00\x00\x00\x00\x00\x02\x0a\x00\x00\x00\x07" +
		"\x00\x00\x00\x00\x00\x00\x01\xe8\x00\x00\x00\x00\x00\x00\x00\x00" +
		"\x00\x00\x02\x3f\x00\x00\x00\x07\x00\x00\x00\x00\x00\x00\x00\xf8" +
		"\x00\x00\x00\x00\x00\x00\x00\x00\x00\x00\x02\xa3\x00\x00\x00\x07" +
		"\x00\x00\x00\x00\x00\x00\x00\xe8\x00\x00\x00\x00\x00\x00\x00\x00" +
		"\x00\x00\x03\xfa\x00\x00\x00\x07\x00\x00\x00\x00\x00\x00\x01\xc0" +
		"\x00\x00\x00\x00\x00\x00\x00\x00\x00\x00\x03\xaa\x00\x00\x00\x07" +
		"\x00\x00\x00\x00\x00\x00\x01\xd0\x00\x00\x00\x00\x00\x00\x00\x00" +
		"\x00\x00\x03\x56\x00\x00\x00\x07\x00\x00\x00\x00\x00\x00\x01\xd8" +
		"\x00\x00\x00\x00\x00\x00\x00\x00\x00\x00\x03\x26\x00\x00\x00\x07" +
		"\x00\x00\x00\x00\x00\x00\x02\x38\x00\x00\x00\x00\x00\x00\x00\x00" +
		"\x00\x00\x00\x00\x03\x00\x00\x09\x00\x00\x00\x00\x00\x00\x00\x00" +
		"\x00\x00\x00\x00\x00\x00\x00\x00\x00\x00\x04\x62\x00\x00\x00\x09" +
		"\x00\x00\x00\x00\x00\x00\x02\x38\x00\x00\x00\x00\x00\x00\x00\x00" +
		"\x00\x00\x03\x66\x00\x00\x00\x09\x00\x00\x00\x00\x00\x00\x00\x80" +
		"\x00\x00\x00\x00\x00\x00\x00\x00\x00\x00\x02\x03\x00\x00\x00\x09" +
		"\x00\x00\x00\x00\x00\x00\x01\xf0\x00\x00\x00\x00\x00\x00\x00\x00" +
		"\x00\x00\x02\x38\x00\x00\x00\x09\x00\x00\x00\x00\x00\x00\x00\xf8" +
		"\x00\x00\x00\x00\x00\x00\x00\x00\x00\x00\x02\x9c\x00\x00\x00\x09" +
		"\x00\x00\x00\x00\x00\x00\x00\xe8\x00\x00\x00\x00\x00\x00\x00\x00" +
		"\x00\x00\x03\xf2\x00\x00\x00\x09\x00\x00\x00\x00\x00\x00\x01\xc8" +
		"\x00\x00\x00\x00\x00\x00\x00\x00\x00\x00\x03\xa2\x00\x00\x00\x09" +
		"\x00\x00\x00\x00\x00\x00\x01\xd8\x00\x00\x00\x00\x00\x00\x00\x00" +
		"\x00\x00\x03\x4e\x00\x00\x00\x09\x00\x00\x00\x00\x00\x00\x01\xe0" +
		"\x00\x00\x00\x00\x00\x00\x00\x00\x00\x00\x03\x1e\x00\x00\x00\x09" +
		"\x00\x00\x00\x00\x00\x00\x02\x40\x00\x00\x00\x00\x00\x00\x00\x00" +
		"\x00\x00\x00\x00\x03\x00\x00\x0d\x00\x00\x00\x00\x00\x00\x00\x00" +
		"\x00\x00\x00\x00\x00\x00\x00\x00\x00\x00\x00\x00\x03\x00\x00\x0e" +
		"\x00\x00\x00\x00\x00\x00\x00\x00\x00\x00\x00\x00\x00\x00\x00\x00" +
		"\x00\x00\x00\x00\x03\x00\x00\x11\x00\x00\x00\x00\x00\x00\x00\x00" +
		"\x00\x00\x00\x00\x00\x00\x00\x00\x00\x00\x00\x00\x03\x00\x00\x12" +
		"\x00\x00\x00\x00\x00\x00\x00\x00\x00\x00\x00\x00\x00\x00\x00\x00" +
		"\x00\x00\x00\x00\x03\x00\x00\x14\x00\x00\x00\x00\x00\x00\x00\x00" +
		"\x00\x00\x00\x00\x00\x00\x00\x00\x00\x00\x00\x00\x03\x00\x00\x15" +
		"\x00\x00\x00\x00\x00\x00\x00\x00\x00\x00\x00\x00\x00\x00\x00\x00" +
		"\x00\x00\x00\x00\x03\x00\x00\x1b\x00\x00\x00\x00\x00\x00\x00\x00" +
		"\x00\x00\x00\x00\x00\x00\x00\x00\x00\x00\x00\x00\x03\x00\x00\x1d" +
		"\x00\x00\x00\x00\x00\x00\x00\x00\x00\x00\x00\x00\x00\x00\x00\x00" +
		"\x00\x00\x00\x00\x03\x00\x00\x1f\x00\x00\x00\x00\x00\x00\x00\x00" +
		"\x00\x00\x00\x00\x00\x00\x00\x00\x00\x00\x00\x8b\x12\x00\x00\x03" +
		"\x00\x00\x00\x00\x00\x00\x00\x00\x00\x00\x00\x00\x00\x00\x0d\x48" +
		"\x00\x00\x01\x0c\x11\x00\x00\x0b\x00\x00\x00\x00\x00\x00\x00\x00" +
		"\x00\x00\x00\x00\x00\x00\x00\x20\x00\x00\x00\xaf\x11\x00\x00\x0b" +
		"\x00\x00\x00\x00\x00\x00\x00\x20\x00\x00\x00\x00\x00\x00\x00\x20" +
		"\x00\x00\x01\x01\x11\x00\x00\x0b\x00\x00\x00\x00\x00\x00\x00\x40" +
		"\x00\x00\x00\x00\x00\x00\x00\x28\x00\x00\x00\x42\x11\x00\x00\x0b" +
		"\x00\x00\x00\x00\x00\x00\x00\xa8\x00\x00\x00\x00\x00\x00\x00\x10" +
		"\x00\x00\x02\xe0\x11\x00\x00\x0b\x00\x00\x00\x00\x00\x00\x00\x68" +
		"\x00\x00\x00\x00\x00\x00\x00\x28\x00\x00\x00\x65\x12\x00\x00\x05" +
		"\x00\x00\x00\x00\x00\x00\x00\x00\x00\x00\x00\x00\x00\x00\x0e\x08" +
		"\x00\x00\x00\xf1\x11\x00\x00\x0b\x00\x00\x00\x00\x00\x00\x00\x90" +
		"\x00\x00\x00\x00\x00\x00\x00\x18\x00\x00\x01\x7d\x12\x00\x00\x07" +
		"\x00\x00\x00\x00\x00\x00\x00\x00\x00\x00\x00\x00\x00\x00\x02\x40" +
		"\x00\x00\x01\x41\x12\x00\x00\x09\x00\x00\x00\x00\x00\x00\x00\x00" +
		"\x00\x00\x00\x00\x00\x00\x02\x48\x00\x00\x01\xb7\x11\x00\x00\x0c" +
		"\x00\x00\x00\x00\x00\x00\x00\x00\x00\x00\x00\x00\x00\x00\x00\x04" +
		"\x00\x00\x00\x00\x00\x00\x01\x78\x00\x00\x00\x64\x00\x00\x00\x01" +
		"\x00\x00\x00\x00\x00\x00\x01\xd0\x00\x00\x00\x65\x00\x00\x00\x01" +
		"\x00\x00\x00\x00\x00\x00\x02\xc8\x00\x00\x00\x66\x00\x00\x00\x01" +
		"\x00\x00\x00\x00\x00\x00\x03\x10\x00\x00\x00\x66\x00\x00\x00\x01" +
		"\x00\x00\x00\x00\x00\x00\x03\x58\x00\x00\x00\x67\x00\x00\x00\x01" +
		"\x00\x00\x00\x00\x00\x00\x04\x98\x00\x00\x00\x67\x00\x00\x00\x01" +
		"\x00\x00\x00\x00\x00\x00\x07\x08\x00\x00\x00\x64\x00\x00\x00\x01" +
		"\x00\x00\x00\x00\x00\x00\x07\x60\x00\x00\x00\x65\x00\x00\x00\x01" +
		"\x00\x00\x00\x00\x00\x00\x08\x88\x00\x00\x00\x68\x00\x00\x00\x01" +
		"\x00\x00\x00\x00\x00\x00\x08\xd0\x00\x00\x00\x68\x00\x00\x00\x01" +
		"\x00\x00\x00\x00\x00\x00\x09\x18\x00\x00\x00\x67\x00\x00\x00\x01" +
		"\x00\x00\x00\x00\x00\x00\x0a\x18\x00\x00\x00\x67\x00\x00\x00\x01" +
		"\x00\x00\x00\x00\x00\x00\x0c\x10\x00\x00\x00\x67\x00\x00\x00\x01" +
		"\x00\x00\x00\x00\x00\x00\x01\x70\x00\x00\x00\x64\x00\x00\x00\x01" +
		"\x00\x00\x00\x00\x00\x00\x01\xb8\x00\x00\x00\x6a\x00\x00\x00\x01" +
		"\x00\x00\x00\x00\x00\x00\x02\x18\x00\x00\x00\x65\x00\x00\x00\x01" +
		"\x00\x00\x00\x00\x00\x00\x02\xb8\x00\x00\x00\x66\x00\x00\x00\x01" +
		"\x00\x00\x00\x00\x00\x00\x03\x28\x00\x00\x00\x66\x00\x00\x00\x01" +
		"\x00\x00\x00\x00\x00\x00\x03\x68\x00\x00\x00\x67\x00\x00\x00\x01" +
		"\x00\x00\x00\x00\x00\x00\x04\xe8\x00\x00\x00\x67\x00\x00\x00\x01" +
		"\x00\x00\x00\x00\x00\x00\x07\x58\x00\x00\x00\x64\x00\x00\x00\x01" +
		"\x00\x00\x00\x00\x00\x00\x07\xa0\x00\x00\x00\x6a\x00\x00\x00\x01" +
		"\x00\x00\x00\x00\x00\x00\x08\x00\x00\x00\x00\x65\x00\x00\x00\x01" +
		"\x00\x00\x00\x00\x00\x00\x08\xd0\x00\x00\x00\x68\x00\x00\x00\x01" +
		"\x00\x00\x00\x00\x00\x00\x09\x40\x00\x00\x00\x68\x00\x00\x00\x01" +
		"\x00\x00\x00\x00\x00\x00\x09\x88\x00\x00\x00\x67\x00\x00\x00\x01" +
		"\x00\x00\x00\x00\x00\x00\x0a\x88\x00\x00\x00\x67\x00\x00\x00\x01" +
		"\x00\x00\x00\x00\x00\x00\x0c\xc8\x00\x00\x00\x67\x00\x00\x00\x01" +
		"\x00\x00\x00\x00\x00\x00\x01\x60\x00\x00\x00\x66\x00\x00\x00\x01" +
		"\x00\x00\x00\x00\x00\x00\x01\xa0\x00\x00\x00\x66\x00\x00\x00\x01" +
		"\x00\x00\x00\x00\x00\x00\x01\x68\x00\x00\x00\x66\x00\x00\x00\x01" +
		"\x00\x00\x00\x00\x00\x00\x01\xa8\x00\x00\x00\x66\x00\x00\x00\x01" +
		"\x00\x00\x00\x00\x00\x00\x00\x08\x00\x00\x00\x5b\x00\x00\x00\x03" +
		"\x00\x00\x00\x00\x00\x00\x00\x11\x00\x00\x00\x5d\x00\x00\x00\x03" +
		"\x00\x00\x00\x00\x00\x00\x00\x15\x00\x00\x00\x61\x00\x00\x00\x03" +
		"\x00\x00\x00\x00\x00\x00\x00\x23\x00\x00\x00\x5f\x00\x00\x00\x03" +
		"\x00\x00\x00\x00\x00\x00\x00\x27\x00\x00\x00\x5c\x00\x00\x00\x03" +
		"\x00\x00\x00\x00\x00\x00\x00\x2b\x00\x00\x00\x5a\x00\x00\x00\x03" +
		"\x00\x00\x00\x00\x00\x00\x00\x08\x00\x00\x00\x5e\x00\x00\x00\x03" +
		"\x00\x00\x00\x00\x00\x00\x00\x0c\x00\x00\x00\x5e\x00\x00\x00\x03" +
		"\x00\x00\x00\x00\x00\x00\x00\x10\x00\x00\x00\x5e\x00\x00\x00\x03" +
		"\x00\x00\x00\x00\x00\x00\x00\x14\x00\x00\x00\x5e\x00\x00\x00\x03" +
		"\x00\x00\x00\x00\x00\x00\x00\x18\x00\x00\x00\x5e\x00\x00\x00\x03" +
		"\x00\x00\x00\x00\x00\x00\x00\x1c\x00\x00\x00\x5e\x00\x00\x00\x03" +
		"\x00\x00\x00\x00\x00\x00\x00\x20\x00\x00\x00\x5e\x00\x00\x00\x03" +
		"\x00\x00\x00\x00\x00\x00\x00\x24\x00\x00\x00\x5e\x00\x00\x00\x03" +
		"\x00\x00\x00\x00\x00\x00\x00\x28\x00\x00\x00\x5e\x00\x00\x00\x03" +
		"\x00\x00\x00\x00\x00\x00\x00\x2c\x00\x00\x00\x5e\x00\x00\x00\x03" +
		"\x00\x00\x00\x00\x00\x00\x00\x30\x00\x00\x00\x5e\x00\x00\x00\x03" +
		"\x00\x00\x00\x00\x00\x00\x00\x34\x00\x00\x00\x5e\x00\x00\x00\x03" +
		"\x00\x00\x00\x00\x00\x00\x00\x38\x00\x00\x00\x5e\x00\x00\x00\x03" +
		"\x00\x00\x00\x00\x00\x00\x00\x3c\x00\x00\x00\x5e\x00\x00\x00\x03" +
		"\x00\x00\x00\x00\x00\x00\x00\x40\x00\x00\x00\x5e\x00\x00\x00\x03" +
		"\x00\x00\x00\x00\x00\x00\x00\x44\x00\x00\x00\x5e\x00\x00\x00\x03" +
		"\x00\x00\x00\x00\x00\x00\x00\x48\x00\x00\x00\x5e\x00\x00\x00\x03" +
		"\x00\x00\x00\x00\x00\x00\x00\x4c\x00\x00\x00\x5e\x00\x00\x00\x03" +
		"\x00\x00\x00\x00\x00\x00\x00\x50\x00\x00\x00\x5e\x00\x00\x00\x03" +
		"\x00\x00\x00\x00\x00\x00\x00\x54\x00\x00\x00\x5e\x00\x00\x00\x03" +
		"\x00\x00\x00\x00\x00\x00\x00\x58\x00\x00\x00\x5e\x00\x00\x00\x03" +
		"\x00\x00\x00\x00\x00\x00\x00\x5c\x00\x00\x00\x5e\x00\x00\x00\x03" +
		"\x00\x00\x00\x00\x00\x00\x00\x60\x00\x00\x00\x5e\x00\x00\x00\x03" +
		"\x00\x00\x00\x00\x00\x00\x00\x64\x00\x00\x00\x5e\x00\x00\x00\x03" +
		"\x00\x00\x00\x00\x00\x00\x00\x68\x00\x00\x00\x5e\x00\x00\x00\x03" +
		"\x00\x00\x00\x00\x00\x00\x00\x6c\x00\x00\x00\x5e\x00\x00\x00\x03" +
		"\x00\x00\x00\x00\x00\x00\x00\x70\x00\x00\x00\x5e\x00\x00\x00\x03" +
		"\x00\x00\x00\x00\x00\x00\x00\x74\x00\x00\x00\x5e\x00\x00\x00\x03" +
		"\x00\x00\x00\x00\x00\x00\x00\x78\x00\x00\x00\x5e\x00\x00\x00\x03" +
		"\x00\x00\x00\x00\x00\x00\x00\x7c\x00\x00\x00\x5e\x00\x00\x00\x03" +
		"\x00\x00\x00\x00\x00\x00\x00\x80\x00\x00\x00\x5e\x00\x00\x00\x03" +
		"\x00\x00\x00\x00\x00\x00\x00\x84\x00\x00\x00\x5e\x00\x00\x00\x03" +
		"\x00\x00\x00\x00\x00\x00\x00\x88\x00\x00\x00\x5e\x00\x00\x00\x03" +
		"\x00\x00\x00\x00\x00\x00\x00\x8c\x00\x00\x00\x5e\x00\x00\x00\x03" +
		"\x00\x00\x00\x00\x00\x00\x00\x90\x00\x00\x00\x5e\x00\x00\x00\x03" +
		"\x00\x00\x00\x00\x00\x00\x00\x94\x00\x00\x00\x5e\x00\x00\x00\x03" +
		"\x00\x00\x00\x00\x00\x00\x00\x98\x00\x00\x00\x5e\x00\x00\x00\x03" +
		"\x00\x00\x00\x00\x00\x00\x00\x9c\x00\x00\x00\x5e\x00\x00\x00\x03" +
		"\x00\x00\x00\x00\x00\x00\x00\xa0\x00\x00\x00\x5e\x00\x00\x00\x03" +
		"\x00\x00\x00\x00\x00\x00\x00\xa4\x00\x00\x00\x5e\x00\x00\x00\x03" +
		"\x00\x00\x00\x00\x00\x00\x00\xa8\x00\x00\x00\x5e\x00\x00\x00\x03" +
		"\x00\x00\x00\x00\x00\x00\x00\xac\x00\x00\x00\x5e\x00\x00\x00\x03" +
		"\x00\x00\x00\x00\x00\x00\x00\xb0\x00\x00\x00\x5e\x00\x00\x00\x03" +
		"\x00\x00\x00\x00\x00\x00\x00\xb4\x00\x00\x00\x5e\x00\x00\x00\x03" +
		"\x00\x00\x00\x00\x00\x00\x00\xb8\x00\x00\x00\x5e\x00\x00\x00\x03" +
		"\x00\x00\x00\x00\x00\x00\x00\xbc\x00\x00\x00\x5e\x00\x00\x00\x03" +
		"\x00\x00\x00\x00\x00\x00\x00\xc0\x00\x00\x00\x5e\x00\x00\x00\x03" +
		"\x00\x00\x00\x00\x00\x00\x00\xc4\x00\x00\x00\x5e\x00\x00\x00\x03" +
		"\x00\x00\x00\x00\x00\x00\x00\xc8\x00\x00\x00\x5e\x00\x00\x00\x03" +
		"\x00\x00\x00\x00\x00\x00\x00\xcc\x00\x00\x00\x5e\x00\x00\x00\x03" +
		"\x00\x00\x00\x00\x00\x00\x00\xd0\x00\x00\x00\x5e\x00\x00\x00\x03" +
		"\x00\x00\x00\x00\x00\x00\x00\xd4\x00\x00\x00\x5e\x00\x00\x00\x03" +
		"\x00\x00\x00\x00\x00\x00\x00\xd8\x00\x00\x00\x5e\x00\x00\x00\x03" +
		"\x00\x00\x00\x00\x00\x00\x00\xdc\x00\x00\x00\x5e\x00\x00\x00\x03" +
		"\x00\x00\x00\x00\x00\x00\x00\xe0\x00\x00\x00\x5e\x00\x00\x00\x03" +
		"\x00\x00\x00\x00\x00\x00\x00\xe4\x00\x00\x00\x5e\x00\x00\x00\x03" +
		"\x00\x00\x00\x00\x00\x00\x00\xe8\x00\x00\x00\x5e\x00\x00\x00\x03" +
		"\x00\x00\x00\x00\x00\x00\x00\xec\x00\x00\x00\x5e\x00\x00\x00\x03" +
		"\x00\x00\x00\x00\x00\x00\x00\xf0\x00\x00\x00\x5e\x00\x00\x00\x03" +
		"\x00\x00\x00\x00\x00\x00\x00\xf4\x00\x00\x00\x5e\x00\x00\x00\x03" +
		"\x00\x00\x00\x00\x00\x00\x00\xf8\x00\x00\x00\x5e\x00\x00\x00\x03" +
		"\x00\x00\x00\x00\x00\x00\x00\xfc\x00\x00\x00\x5e\x00\x00\x00\x03" +
		"\x00\x00\x00\x00\x00\x00\x01\x00\x00\x00\x00\x5e\x00\x00\x00\x03" +
		"\x00\x00\x00\x00\x00\x00\x01\x04\x00\x00\x00\x5e\x00\x00\x00\x03" +
		"\x00\x00\x00\x00\x00\x00\x01\x08\x00\x00\x00\x5e\x00\x00\x00\x03" +
		"\x00\x00\x00\x00\x00\x00\x01\x0c\x00\x00\x00\x5e\x00\x00\x00\x03" +
		"\x00\x00\x00\x00\x00\x00\x01\x10\x00\x00\x00\x5e\x00\x00\x00\x03" +
		"\x00\x00\x00\x00\x00\x00\x01\x14\x00\x00\x00\x5e\x00\x00\x00\x03" +
		"\x00\x00\x00\x00\x00\x00\x01\x18\x00\x00\x00\x5e\x00\x00\x00\x03" +
		"\x00\x00\x00\x00\x00\x00\x01\x1c\x00\x00\x00\x5e\x00\x00\x00\x03" +
		"\x00\x00\x00\x00\x00\x00\x01\x20\x00\x00\x00\x5e\x00\x00\x00\x03" +
		"\x00\x00\x00\x00\x00\x00\x01\x24\x00\x00\x00\x5e\x00\x00\x00\x03" +
		"\x00\x00\x00\x00\x00\x00\x01\x28\x00\x00\x00\x5e\x00\x00\x00\x03" +
		"\x00\x00\x00\x00\x00\x00\x01\x2c\x00\x00\x00\x5e\x00\x00\x00\x03" +
		"\x00\x00\x00\x00\x00\x00\x01\x30\x00\x00\x00\x5e\x00\x00\x00\x03" +
		"\x00\x00\x00\x00\x00\x00\x01\x34\x00\x00\x00\x5e\x00\x00\x00\x03" +
		"\x00\x00\x00\x00\x00\x00\x01\x38\x00\x00\x00\x5e\x00\x00\x00\x03" +
		"\x00\x00\x00\x00\x00\x00\x01\x3c\x00\x00\x00\x5e\x00\x00\x00\x03" +
		"\x00\x00\x00\x00\x00\x00\x01\x40\x00\x00\x00\x5e\x00\x00\x00\x03" +
		"\x00\x00\x00\x00\x00\x00\x01\x44\x00\x00\x00\x5e\x00\x00\x00\x03" +
		"\x00\x00\x00\x00\x00\x00\x01\x48\x00\x00\x00\x5e\x00\x00\x00\x03" +
		"\x00\x00\x00\x00\x00\x00\x01\x4c\x00\x00\x00\x5e\x00\x00\x00\x03" +
		"\x00\x00\x00\x00\x00\x00\x01\x50\x00\x00\x00\x5e\x00\x00\x00\x03" +
		"\x00\x00\x00\x00\x00\x00\x01\x54\x00\x00\x00\x5e\x00\x00\x00\x03" +
		"\x00\x00\x00\x00\x00\x00\x01\x58\x00\x00\x00\x5e\x00\x00\x00\x03" +
		"\x00\x00\x00\x00\x00\x00\x01\x5c\x00\x00\x00\x5e\x00\x00\x00\x03" +
		"\x00\x00\x00\x00\x00\x00\x01\x60\x00\x00\x00\x5e\x00\x00\x00\x03" +
		"\x00\x00\x00\x00\x00\x00\x01\x64\x00\x00\x00\x5e\x00\x00\x00\x03" +
		"\x00\x00\x00\x00\x00\x00\x01\x68\x00\x00\x00\x5e\x00\x00\x00\x03" +
		"\x00\x00\x00\x00\x00\x00\x01\x6c\x00\x00\x00\x5e\x00\x00\x00\x03" +
		"\x00\x00\x00\x00\x00\x00\x01\x70\x00\x00\x00\x5e\x00\x00\x00\x03" +
		"\x00\x00\x00\x00\x00\x00\x01\x74\x00\x00\x00\x5e\x00\x00\x00\x03" +
		"\x00\x00\x00\x00\x00\x00\x01\x78\x00\x00\x00\x5e\x00\x00\x00\x03" +
		"\x00\x00\x00\x00\x00\x00\x01\x7c\x00\x00\x00\x5e\x00\x00\x00\x03" +
		"\x00\x00\x00\x00\x00\x00\x01\x80\x00\x00\x00\x5e\x00\x00\x00\x03" +
		"\x00\x00\x00\x00\x00\x00\x01\x84\x00\x00\x00\x5e\x00\x00\x00\x03" +
		"\x00\x00\x00\x00\x00\x00\x01\x88\x00\x00\x00\x5e\x00\x00\x00\x03" +
		"\x00\x00\x00\x00\x00\x00\x01\x8c\x00\x00\x00\x5e\x00\x00\x00\x03" +
		"\x00\x00\x00\x00\x00\x00\x01\x90\x00\x00\x00\x5e\x00\x00\x00\x03" +
		"\x00\x00\x00\x00\x00\x00\x01\x94\x00\x00\x00\x5e\x00\x00\x00\x03" +
		"\x00\x00\x00\x00\x00\x00\x01\x98\x00\x00\x00\x5e\x00\x00\x00\x03" +
		"\x00\x00\x00\x00\x00\x00\x01\x9c\x00\x00\x00\x5e\x00\x00\x00\x03" +
		"\x00\x00\x00\x00\x00\x00\x01\xa0\x00\x00\x00\x5e\x00\x00\x00\x03" +
		"\x00\x00\x00\x00\x00\x00\x01\xa4\x00\x00\x00\x5e\x00\x00\x00\x03" +
		"\x00\x00\x00\x00\x00\x00\x01\xa8\x00\x00\x00\x5e\x00\x00\x00\x03" +
		"\x00\x00\x00\x00\x00\x00\x01\xac\x00\x00\x00\x5e\x00\x00\x00\x03" +
		"\x00\x00\x00\x00\x00\x00\x01\xb0\x00\x00\x00\x5e\x00\x00\x00\x03" +
		"\x00\x00\x00\x00\x00\x00\x00\x08\x00\x00\x00\x6d\x00\x00\x00\x02" +
		"\x00\x00\x00\x00\x00\x00\x00\x10\x00\x00\x00\x66\x00\x00\x00\x02" +
		"\x00\x00\x00\x00\x00\x00\x00\x18\x00\x00\x00\x68\x00\x00\x00\x02" +
		"\x00\x00\x00\x00\x00\x00\x00\x20\x00\x00\x00\x65\x00\x00\x00\x02" +
		"\x00\x00\x00\x00\x00\x00\x00\x28\x00\x00\x00\x64\x00\x00\x00\x02" +
		"\x00\x00\x00\x00\x00\x00\x00\x30\x00\x00\x00\x6a\x00\x00\x00\x02" +
		"\x00\x00\x00\x00\x00\x00\x00\x38\x00\x00\x00\x67\x00\x00\x00\x02" +
		"\x00\x00\x00\x00\x00\x00\x00\x40\x00\x00\x00\x02\x00\x00\x00\x02" +
		"\x00\x00\x00\x00\x00\x00\x00\x48\x00\x00\x00\x02\x00\x00\x00\x02" +
		"\x00\x00\x00\x00\x00\x00\x00\x50\x00\x00\x00\x02\x00\x00\x00\x02" +
		"\x00\x00\x00\x00\x00\x00\x00\x58\x00\x00\x00\x02\x00\x00\x00\x02" +
		"\x00\x00\x00\x00\x00\x00\x00\x60\x00\x00\x00\x02\x00\x00\x00\x02" +
		"\x00\x00\x00\x00\x00\x00\x00\x68\x00\x00\x00\x02\x00\x00\x00\x02" +
		"\x00\x00\x00\x00\x00\x00\x00\x70\x00\x00\x00\x23\x00\x00\x00\x02" +
		"\x00\x00\x00\x00\x00\x00\x00\x78\x00\x00\x00\x23\x00\x00\x00\x02" +
		"\x00\x00\x00\x00\x00\x00\x00\x80\x00\x00\x00\x23\x00\x00\x00\x02" +
		"\x00\x00\x00\x00\x00\x00\x00\x88\x00\x00\x00\x23\x00\x00\x00\x02" +
		"\x00\x00\x00\x00\x00\x00\x00\x90\x00\x00\x00\x23\x00\x00\x00\x02" +
		"\x00\x00\x00\x00\x00\x00\x00\x98\x00\x00\x00\x23\x00\x00\x00\x02" +
		"\x00\x00\x00\x00\x00\x00\x00\xa0\x00\x00\x00\x23\x00\x00\x00\x02" +
		"\x00\x00\x00\x00\x00\x00\x00\xa8\x00\x00\x00\x23\x00\x00\x00\x02" +
		"\x00\x00\x00\x00\x00\x00\x00\xb0\x00\x00\x00\x46\x00\x00\x00\x02" +
		"\x00\x00\x00\x00\x00\x00\x00\xb8\x00\x00\x00\x50\x00\x00\x00\x02" +
		"\x00\x00\x00\x00\x00\x00\x05\xc8\x00\x00\x00\x64\x00\x00\x00\x04" +
		"\x00\x00\x00\x00\x00\x00\x05\xd4\x00\x00\x00\x65\x00\x00\x00\x04" +
		"\x00\x00\x00\x00\x00\x00\x05\xe0\x00\x00\x00\x66\x00\x00\x00\x04" +
		"\x00\x00\x00\x00\x00\x00\x05\xec\x00\x00\x00\x68\x00\x00\x00\x04" +
		"\x00\x00\x00\x00\x00\x00\x05\xf8\x00\x00\x00\x6a\x00\x00\x00\x04" +
		"\x00\x00\x00\x00\x00\x00\x06\x04\x00\x00\x00\x67\x00\x00\x00\x04" +
		"\x00\x00\x00\x00\x00\x00\x06\x1c\x00\x00\x00\x6d\x00\x00\x00\x04" +
		"\x00\x00\x00\x00\x00\x00\x00\x2c\x00\x00\x00\x02\x00\x00\x00\x04" +
		"\x00\x00\x00\x00\x00\x00\x00\x3c\x00\x00\x00\x23\x00\x00\x00\x04" +
		"\x00\x00\x00\x00\x00\x00\x00\x4c\x00\x00\x00\x46\x00\x00\x00\x04" +
		"\x00\x00\x00\x00\x00\x00\x00\x5c\x00\x00\x00\x50\x00\x00\x00\x04" +
		"\x00\x00\x00\x00\x00\x00\x00\x70\x00\x00\x00\x02\x00\x00\x00\x04" +
		"\x00\x00\x00\x00\x00\x00\x00\x80\x00\x00\x00\x02\x00\x00\x00\x04" +
		"\x00\x00\x00\x00\x00\x00\x00\x90\x00\x00\x00\x02\x00\x00\x00\x04" +
		"\x00\x00\x00\x00\x00\x00\x00\xa0\x00\x00\x00\x02\x00\x00\x00\x04" +
		"\x00\x00\x00\x00\x00\x00\x00\xb0\x00\x00\x00\x02\x00\x00\x00\x04" +
		"\x00\x00\x00\x00\x00\x00\x00\xc0\x00\x00\x00\x02\x00\x00\x00\x04" +
		"\x00\x00\x00\x00\x00\x00\x00\xd0\x00\x00\x00\x02\x00\x00\x00\x04" +
		"\x00\x00\x00\x00\x00\x00\x00\xe0\x00\x00\x00\x02\x00\x00\x00\x04" +
		"\x00\x00\x00\x00\x00\x00\x00\xf0\x00\x00\x00\x02\x00\x00\x00\x04" +
		"\x00\x00\x00\x00\x00\x00\x01\x00\x00\x00\x00\x02\x00\x00\x00\x04" +
		"\x00\x00\x00\x00\x00\x00\x01\x10\x00\x00\x00\x02\x00\x00\x00\x04" +
		"\x00\x00\x00\x00\x00\x00\x01\x20\x00\x00\x00\x02\x00\x00\x00\x04" +
		"\x00\x00\x00\x00\x00\x00\x01\x30\x00\x00\x00\x02\x00\x00\x00\x04" +
		"\x00\x00\x00\x00\x00\x00\x01\x40\x00\x00\x00\x02\x00\x00\x00\x04" +
		"\x00\x00\x00\x00\x00\x00\x01\x50\x00\x00\x00\x02\x00\x00\x00\x04" +
		"\x00\x00\x00\x00\x00\x00\x01\x60\x00\x00\x00\x02\x00\x00\x00\x04" +
		"\x00\x00\x00\x00\x00\x00\x01\x70\x00\x00\x00\x02\x00\x00\x00\x04" +
		"\x00\x00\x00\x00\x00\x00\x01\x80\x00\x00\x00\x02\x00\x00\x00\x04" +
		"\x00\x00\x00\x00\x00\x00\x01\x90\x00\x00\x00\x02\x00\x00\x00\x04" +
		"\x00\x00\x00\x00\x00\x00\x01\xa0\x00\x00\x00\x02\x00\x00\x00\x04" +
		"\x00\x00\x00\x00\x00\x00\x01\xb0\x00\x00\x00\x02\x00\x00\x00\x04" +
		"\x00\x00\x00\x00\x00\x00\x01\xc0\x00\x00\x00\x02\x00\x00\x00\x04" +
		"\x00\x00\x00\x00\x00\x00\x01\xd0\x00\x00\x00\x02\x00\x00\x00\x04" +
		"\x00\x00\x00\x00\x00\x00\x01\xe0\x00\x00\x00\x02\x00\x00\x00\x04" +
		"\x00\x00\x00\x00\x00\x00\x01\xf0\x00\x00\x00\x02\x00\x00\x00\x04" +
		"\x00\x00\x00\x00\x00\x00\x02\x00\x00\x00\x00\x02\x00\x00\x00\x04" +
		"\x00\x00\x00\x00\x00\x00\x02\x10\x00\x00\x00\x02\x00\x00\x00\x04" +
		"\x00\x00\x00\x00\x00\x00\x02\x20\x00\x00\x00\x02\x00\x00\x00\x04" +
		"\x00\x00\x00\x00\x00\x00\x02\x30\x00\x00\x00\x02\x00\x00\x00\x04" +
		"\x00\x00\x00\x00\x00\x00\x02\x40\x00\x00\x00\x02\x00\x00\x00\x04" +
		"\x00\x00\x00\x00\x00\x00\x02\x50\x00\x00\x00\x02\x00\x00\x00\x04" +
		"\x00\x00\x00\x00\x00\x00\x02\x60\x00\x00\x00\x02\x00\x00\x00\x04" +
		"\x00\x00\x00\x00\x00\x00\x02\x70\x00\x00\x00\x02\x00\x00\x00\x04" +
		"\x00\x00\x00\x00\x00\x00\x02\x80\x00\x00\x00\x02\x00\x00\x00\x04" +
		"\x00\x00\x00\x00\x00\x00\x02\x90\x00\x00\x00\x02\x00\x00\x00\x04" +
		"\x00\x00\x00\x00\x00\x00\x02\xa0\x00\x00\x00\x02\x00\x00\x00\x04" +
		"\x00\x00\x00\x00\x00\x00\x02\xb0\x00\x00\x00\x02\x00\x00\x00\x04" +
		"\x00\x00\x00\x00\x00\x00\x02\xc0\x00\x00\x00\x02\x00\x00\x00\x04" +
		"\x00\x00\x00\x00\x00\x00\x02\xd0\x00\x00\x00\x02\x00\x00\x00\x04" +
		"\x00\x00\x00\x00\x00\x00\x02\xe0\x00\x00\x00\x02\x00\x00\x00\x04" +
		"\x00\x00\x00\x00\x00\x00\x02\xf0\x00\x00\x00\x02\x00\x00\x00\x04" +
		"\x00\x00\x00\x00\x00\x00\x03\x00\x00\x00\x00\x02\x00\x00\x00\x04" +
		"\x00\x00\x00\x00\x00\x00\x03\x10\x00\x00\x00\x02\x00\x00\x00\x04" +
		"\x00\x00\x00\x00\x00\x00\x03\x20\x00\x00\x00\x02\x00\x00\x00\x04" +
		"\x00\x00\x00\x00\x00\x00\x03\x30\x00\x00\x00\x02\x00\x00\x00\x04" +
		"\x00\x00\x00\x00\x00\x00\x03\x40\x00\x00\x00\x02\x00\x00\x00\x04" +
		"\x00\x00\x00\x00\x00\x00\x03\x50\x00\x00\x00\x02\x00\x00\x00\x04" +
		"\x00\x00\x00\x00\x00\x00\x03\x60\x00\x00\x00\x02\x00\x00\x00\x04" +
		"\x00\x00\x00\x00\x00\x00\x03\x70\x00\x00\x00\x02\x00\x00\x00\x04" +
		"\x00\x00\x00\x00\x00\x00\x03\x80\x00\x00\x00\x02\x00\x00\x00\x04" +
		"\x00\x00\x00\x00\x00\x00\x03\x90\x00\x00\x00\x02\x00\x00\x00\x04" +
		"\x00\x00\x00\x00\x00\x00\x03\xa0\x00\x00\x00\x02\x00\x00\x00\x04" +
		"\x00\x00\x00\x00\x00\x00\x03\xb0\x00\x00\x00\x02\x00\x00\x00\x04" +
		"\x00\x00\x00\x00\x00\x00\x03\xc0\x00\x00\x00\x02\x00\x00\x00\x04" +
		"\x00\x00\x00\x00\x00\x00\x03\xd0\x00\x00\x00\x02\x00\x00\x00\x04" +
		"\x00\x00\x00\x00\x00\x00\x03\xe0\x00\x00\x00\x02\x00\x00\x00\x04" +
		"\x00\x00\x00\x00\x00\x00\x03\xf0\x00\x00\x00\x02\x00\x00\x00\x04" +
		"\x00\x00\x00\x00\x00\x00\x04\x00\x00\x00\x00\x02\x00\x00\x00\x04" +
		"\x00\x00\x00\x00\x00\x00\x04\x10\x00\x00\x00\x02\x00\x00\x00\x04" +
		"\x00\x00\x00\x00\x00\x00\x04\x20\x00\x00\x00\x02\x00\x00\x00\x04" +
		"\x00\x00\x00\x00\x00\x00\x04\x30\x00\x00\x00\x02\x00\x00\x00\x04" +
		"\x00\x00\x00\x00\x00\x00\x04\x40\x00\x00\x00\x02\x00\x00\x00\x04" +
		"\x00\x00\x00\x00\x00\x00\x04\x50\x00\x00\x00\x02\x00\x00\x00\x04" +
		"\x00\x00\x00\x00\x00\x00\x04\x60\x00\x00\x00\x02\x00\x00\x00\x04" +
		"\x00\x00\x00\x00\x00\x00\x04\x70\x00\x00\x00\x02\x00\x00\x00\x04" +
		"\x00\x00\x00\x00\x00\x00\x04\x80\x00\x00\x00\x02\x00\x00\x00\x04" +
		"\x00\x00\x00\x00\x00\x00\x04\x90\x00\x00\x00\x02\x00\x00\x00\x04" +
		"\x00\x00\x00\x00\x00\x00\x04\xa0\x00\x00\x00\x02\x00\x00\x00\x04" +
		"\x00\x00\x00\x00\x00\x00\x04\xb0\x00\x00\x00\x02\x00\x00\x00\x04" +
		"\x00\x00\x00\x00\x00\x00\x04\xc0\x00\x00\x00\x02\x00\x00\x00\x04" +
		"\x00\x00\x00\x00\x00\x00\x04\xd0\x00\x00\x00\x02\x00\x00\x00\x04" +
		"\x00\x00\x00\x00\x00\x00\x04\xe0\x00\x00\x00\x02\x00\x00\x00\x04" +
		"\x00\x00\x00\x00\x00\x00\x04\xf0\x00\x00\x00\x02\x00\x00\x00\x04" +
		"\x00\x00\x00\x00\x00\x00\x05\x00\x00\x00\x00\x02\x00\x00\x00\x04" +
		"\x00\x00\x00\x00\x00\x00\x05\x10\x00\x00\x00\x02\x00\x00\x00\x04" +
		"\x00\x00\x00\x00\x00\x00\x05\x20\x00\x00\x00\x02\x00\x00\x00\x04" +
		"\x00\x00\x00\x00\x00\x00\x05\x30\x00\x00\x00\x02\x00\x00\x00\x04" +
		"\x00\x00\x00\x00\x00\x00\x05\x40\x00\x00\x00\x02\x00\x00\x00\x04" +
		"\x00\x00\x00\x00\x00\x00\x05\x50\x00\x00\x00\x02\x00\x00\x00\x04" +
		"\x00\x00\x00\x00\x00\x00\x05\x60\x00\x00\x00\x02\x00\x00\x00\x04" +
		"\x00\x00\x00\x00\x00\x00\x05\x70\x00\x00\x00\x02\x00\x00\x00\x04" +
		"\x00\x00\x00\x00\x00\x00\x05\x80\x00\x00\x00\x02\x00\x00\x00\x04" +
		"\x00\x00\x00\x00\x00\x00\x05\x90\x00\x00\x00\x02\x00\x00\x00\x04" +
		"\x00\x00\x00\x00\x00\x00\x05\xa0\x00\x00\x00\x02\x00\x00\x00\x04" +
		"\x00\x00\x00\x00\x00\x00\x05\xb0\x00\x00\x00\x02\x00\x00\x00\x04" +
		"\x00\x00\x00\x00\x00\x00\x05\xc0\x00\x00\x00\x02\x00\x00\x00\x04" +
		"\x00\x00\x00\x00\x00\x00\x05\xd0\x00\x00\x00\x02\x00\x00\x00\x04" +
		"\x00\x00\x00\x00\x00\x00\x05\xe0\x00\x00\x00\x02\x00\x00\x00\x04" +
		"\x00\x00\x00\x00\x00\x00\x05\xf0\x00\x00\x00\x02\x00\x00\x00\x04" +
		"\x00\x00\x00\x00\x00\x00\x06\x00\x00\x00\x00\x02\x00\x00\x00\x04" +
		"\x00\x00\x00\x00\x00\x00\x06\x10\x00\x00\x00\x02\x00\x00\x00\x04" +
		"\x00\x00\x00\x00\x00\x00\x06\x20\x00\x00\x00\x02\x00\x00\x00\x04" +
		"\x00\x00\x00\x00\x00\x00\x06\x30\x00\x00\x00\x02\x00\x00\x00\x04" +
		"\x00\x00\x00\x00\x00\x00\x06\x40\x00\x00\x00\x02\x00\x00\x00\x04" +
		"\x00\x00\x00\x00\x00\x00\x06\x50\x00\x00\x00\x02\x00\x00\x00\x04" +
		"\x00\x00\x00\x00\x00\x00\x06\x60\x00\x00\x00\x02\x00\x00\x00\x04" +
		"\x00\x00\x00\x00\x00\x00\x06\x70\x00\x00\x00\x02\x00\x00\x00\x04" +
		"\x00\x00\x00\x00\x00\x00\x06\x80\x00\x00\x00\x02\x00\x00\x00\x04" +
		"\x00\x00\x00\x00\x00\x00\x06\x90\x00\x00\x00\x02\x00\x00\x00\x04" +
		"\x00\x00\x00\x00\x00\x00\x06\xa0\x00\x00\x00\x02\x00\x00\x00\x04" +
		"\x00\x00\x00\x00\x00\x00\x06\xb0\x00\x00\x00\x02\x00\x00\x00\x04" +
		"\x00\x00\x00\x00\x00\x00\x06\xc0\x00\x00\x00\x02\x00\x00\x00\x04" +
		"\x00\x00\x00\x00\x00\x00\x06\xd0\x00\x00\x00\x02\x00\x00\x00\x04" +
		"\x00\x00\x00\x00\x00\x00\x06\xe0\x00\x00\x00\x02\x00\x00\x00\x04" +
		"\x00\x00\x00\x00\x00\x00\x06\xf0\x00\x00\x00\x02\x00\x00\x00\x04" +
		"\x00\x00\x00\x00\x00\x00\x07\x00\x00\x00\x00\x02\x00\x00\x00\x04" +
		"\x00\x00\x00\x00\x00\x00\x07\x10\x00\x00\x00\x02\x00\x00\x00\x04" +
		"\x00\x00\x00\x00\x00\x00\x07\x20\x00\x00\x00\x02\x00\x00\x00\x04" +
		"\x00\x00\x00\x00\x00\x00\x07\x30\x00\x00\x00\x02\x00\x00\x00\x04" +
		"\x00\x00\x00\x00\x00\x00\x07\x40\x00\x00\x00\x02\x00\x00\x00\x04" +
		"\x00\x00\x00\x00\x00\x00\x07\x50\x00\x00\x00\x02\x00\x00\x00\x04" +
		"\x00\x00\x00\x00\x00\x00\x07\x60\x00\x00\x00\x02\x00\x00\x00\x04" +
		"\x00\x00\x00\x00\x00\x00\x07\x70\x00\x00\x00\x02\x00\x00\x00\x04" +
		"\x00\x00\x00\x00\x00\x00\x07\x80\x00\x00\x00\x02\x00\x00\x00\x04" +
		"\x00\x00\x00\x00\x00\x00\x07\x90\x00\x00\x00\x02\x00\x00\x00\x04" +
		"\x00\x00\x00\x00\x00\x00\x07\xa0\x00\x00\x00\x02\x00\x00\x00\x04" +
		"\x00\x00\x00\x00\x00\x00\x07\xb0\x00\x00\x00\x02\x00\x00\x00\x04" +
		"\x00\x00\x00\x00\x00\x00\x07\xc0\x00\x00\x00\x02\x00\x00\x00\x04" +
		"\x00\x00\x00\x00\x00\x00\x07\xd0\x00\x00\x00\x02\x00\x00\x00\x04" +
		"\x00\x00\x00\x00\x00\x00\x07\xe0\x00\x00\x00\x02\x00\x00\x00\x04" +
		"\x00\x00\x00\x00\x00\x00\x07\xf0\x00\x00\x00\x02\x00\x00\x00\x04" +
		"\x00\x00\x00\x00\x00\x00\x08\x00\x00\x00\x00\x02\x00\x00\x00\x04" +
		"\x00\x00\x00\x00\x00\x00\x08\x10\x00\x00\x00\x02\x00\x00\x00\x04" +
		"\x00\x00\x00\x00\x00\x00\x08\x20\x00\x00\x00\x02\x00\x00\x00\x04" +
		"\x00\x00\x00\x00\x00\x00\x08\x30\x00\x00\x00\x02\x00\x00\x00\x04" +
		"\x00\x00\x00\x00\x00\x00\x08\x40\x00\x00\x00\x02\x00\x00\x00\x04" +
		"\x00\x00\x00\x00\x00\x00\x08\x50\x00\x00\x00\x02\x00\x00\x00\x04" +
		"\x00\x00\x00\x00\x00\x00\x08\x60\x00\x00\x00\x02\x00\x00\x00\x04" +
		"\x00\x00\x00\x00\x00\x00\x08\x70\x00\x00\x00\x02\x00\x00\x00\x04" +
		"\x00\x00\x00\x00\x00\x00\x08\x80\x00\x00\x00\x02\x00\x00\x00\x04" +
		"\x00\x00\x00\x00\x00\x00\x08\x90\x00\x00\x00\x02\x00\x00\x00\x04" +
		"\x00\x00\x00\x00\x00\x00\x08\xa0\x00\x00\x00\x02\x00\x00\x00\x04" +
		"\x00\x00\x00\x00\x00\x00\x08\xb0\x00\x00\x00\x02\x00\x00\x00\x04" +
		"\x00\x00\x00\x00\x00\x00\x08\xc0\x00\x00\x00\x02\x00\x00\x00\x04" +
		"\x00\x00\x00\x00\x00\x00\x08\xd0\x00\x00\x00\x02\x00\x00\x00\x04" +
		"\x00\x00\x00\x00\x00\x00\x08\xe0\x00\x00\x00\x02\x00\x00\x00\x04" +
		"\x00\x00\x00\x00\x00\x00\x08\xf0\x00\x00\x00\x02\x00\x00\x00\x04" +
		"\x00\x00\x00\x00\x00\x00\x09\x00\x00\x00\x00\x02\x00\x00\x00\x04" +
		"\x00\x00\x00\x00\x00\x00\x09\x10\x00\x00\x00\x02\x00\x00\x00\x04" +
		"\x00\x00\x00\x00\x00\x00\x09\x20\x00\x00\x00\x02\x00\x00\x00\x04" +
		"\x00\x00\x00\x00\x00\x00\x09\x30\x00\x00\x00\x02\x00\x00\x00\x04" +
		"\x00\x00\x00\x00\x00\x00\x09\x40\x00\x00\x00\x02\x00\x00\x00\x04" +
		"\x00\x00\x00\x00\x00\x00\x09\x50\x00\x00\x00\x02\x00\x00\x00\x04" +
		"\x00\x00\x00\x00\x00\x00\x09\x60\x00\x00\x00\x02\x00\x00\x00\x04" +
		"\x00\x00\x00\x00\x00\x00\x09\x70\x00\x00\x00\x02\x00\x00\x00\x04" +
		"\x00\x00\x00\x00\x00\x00\x09\x80\x00\x00\x00\x02\x00\x00\x00\x04" +
		"\x00\x00\x00\x00\x00\x00\x09\x90\x00\x00\x00\x02\x00\x00\x00\x04" +
		"\x00\x00\x00\x00\x00\x00\x09\xa0\x00\x00\x00\x02\x00\x00\x00\x04" +
		"\x00\x00\x00\x00\x00\x00\x09\xb0\x00\x00\x00\x02\x00\x00\x00\x04" +
		"\x00\x00\x00\x00\x00\x00\x09\xc0\x00\x00\x00\x02\x00\x00\x00\x04" +
		"\x00\x00\x00\x00\x00\x00\x09\xd0\x00\x00\x00\x02\x00\x00\x00\x04" +
		"\x00\x00\x00\x00\x00\x00\x09\xe0\x00\x00\x00\x02\x00\x00\x00\x04" +
		"\x00\x00\x00\x00\x00\x00\x09\xf0\x00\x00\x00\x02\x00\x00\x00\x04" +
		"\x00\x00\x00\x00\x00\x00\x0a\x00\x00\x00\x00\x02\x00\x00\x00\x04" +
		"\x00\x00\x00\x00\x00\x00\x0a\x10\x00\x00\x00\x02\x00\x00\x00\x04" +
		"\x00\x00\x00\x00\x00\x00\x0a\x20\x00\x00\x00\x02\x00\x00\x00\x04" +
		"\x00\x00\x00\x00\x00\x00\x0a\x30\x00\x00\x00\x02\x00\x00\x00\x04" +
		"\x00\x00\x00\x00\x00\x00\x0a\x40\x00\x00\x00\x02\x00\x00\x00\x04" +
		"\x00\x00\x00\x00\x00\x00\x0a\x50\x00\x00\x00\x02\x00\x00\x00\x04" +
		"\x00\x00\x00\x00\x00\x00\x0a\x60\x00\x00\x00\x02\x00\x00\x00\x04" +
		"\x00\x00\x00\x00\x00\x00\x0a\x70\x00\x00\x00\x02\x00\x00\x00\x04" +
		"\x00\x00\x00\x00\x00\x00\x0a\x80\x00\x00\x00\x02\x00\x00\x00\x04" +
		"\x00\x00\x00\x00\x00\x00\x0a\x90\x00\x00\x00\x02\x00\x00\x00\x04" +
		"\x00\x00\x00\x00\x00\x00\x0a\xa0\x00\x00\x00\x02\x00\x00\x00\x04" +
		"\x00\x00\x00\x00\x00\x00\x0a\xb0\x00\x00\x00\x02\x00\x00\x00\x04" +
		"\x00\x00\x00\x00\x00\x00\x0a\xc0\x00\x00\x00\x02\x00\x00\x00\x04" +
		"\x00\x00\x00\x00\x00\x00\x0a\xd0\x00\x00\x00\x02\x00\x00\x00\x04" +
		"\x00\x00\x00\x00\x00\x00\x0a\xe0\x00\x00\x00\x02\x00\x00\x00\x04" +
		"\x00\x00\x00\x00\x00\x00\x0a\xf0\x00\x00\x00\x02\x00\x00\x00\x04" +
		"\x00\x00\x00\x00\x00\x00\x0b\x00\x00\x00\x00\x02\x00\x00\x00\x04" +
		"\x00\x00\x00\x00\x00\x00\x0b\x10\x00\x00\x00\x02\x00\x00\x00\x04" +
		"\x00\x00\x00\x00\x00\x00\x0b\x20\x00\x00\x00\x02\x00\x00\x00\x04" +
		"\x00\x00\x00\x00\x00\x00\x0b\x30\x00\x00\x00\x02\x00\x00\x00\x04" +
		"\x00\x00\x00\x00\x00\x00\x0b\x40\x00\x00\x00\x02\x00\x00\x00\x04" +
		"\x00\x00\x00\x00\x00\x00\x0b\x50\x00\x00\x00\x02\x00\x00\x00\x04" +
		"\x00\x00\x00\x00\x00\x00\x0b\x60\x00\x00\x00\x02\x00\x00\x00\x04" +
		"\x00\x00\x00\x00\x00\x00\x0b\x70\x00\x00\x00\x02\x00\x00\x00\x04" +
		"\x00\x00\x00\x00\x00\x00\x0b\x80\x00\x00\x00\x02\x00\x00\x00\x04" +
		"\x00\x00\x00\x00\x00\x00\x0b\x90\x00\x00\x00\x02\x00\x00\x00\x04" +
		"\x00\x00\x00\x00\x00\x00\x0b\xa0\x00\x00\x00\x02\x00\x00\x00\x04" +
		"\x00\x00\x00\x00\x00\x00\x0b\xb0\x00\x00\x00\x02\x00\x00\x00\x04" +
		"\x00\x00\x00\x00\x00\x00\x0b\xc0\x00\x00\x00\x02\x00\x00\x00\x04" +
		"\x00\x00\x00\x00\x00\x00\x0b\xd0\x00\x00\x00\x02\x00\x00\x00\x04" +
		"\x00\x00\x00\x00\x00\x00\x0b\xe8\x00\x00\x00\x23\x00\x00\x00\x04" +
		"\x00\x00\x00\x00\x00\x00\x0b\xf8\x00\x00\x00\x23\x00\x00\x00\x04" +
		"\x00\x00\x00\x00\x00\x00\x0c\x08\x00\x00\x00\x23\x00\x00\x00\x04" +
		"\x00\x00\x00\x00\x00\x00\x0c\x18\x00\x00\x00\x23\x00\x00\x00\x04" +
		"\x00\x00\x00\x00\x00\x00\x0c\x28\x00\x00\x00\x23\x00\x00\x00\x04" +
		"\x00\x00\x00\x00\x00\x00\x0c\x38\x00\x00\x00\x23\x00\x00\x00\x04" +
		"\x00\x00\x00\x00\x00\x00\x0c\x48\x00\x00\x00\x23\x00\x00\x00\x04" +
		"\x00\x00\x00\x00\x00\x00\x0c\x58\x00\x00\x00\x23\x00\x00\x00\x04" +
		"\x00\x00\x00\x00\x00\x00\x0c\x68\x00\x00\x00\x23\x00\x00\x00\x04" +
		"\x00\x00\x00\x00\x00\x00\x0c\x78\x00\x00\x00\x23\x00\x00\x00\x04" +
		"\x00\x00\x00\x00\x00\x00\x0c\x88\x00\x00\x00\x23\x00\x00\x00\x04" +
		"\x00\x00\x00\x00\x00\x00\x0c\x98\x00\x00\x00\x23\x00\x00\x00\x04" +
		"\x00\x00\x00\x00\x00\x00\x0c\xa8\x00\x00\x00\x23\x00\x00\x00\x04" +
		"\x00\x00\x00\x00\x00\x00\x0c\xb8\x00\x00\x00\x23\x00\x00\x00\x04" +
		"\x00\x00\x00\x00\x00\x00\x0c\xc8\x00\x00\x00\x23\x00\x00\x00\x04" +
		"\x00\x00\x00\x00\x00\x00\x0c\xd8\x00\x00\x00\x23\x00\x00\x00\x04" +
		"\x00\x00\x00\x00\x00\x00\x0c\xe8\x00\x00\x00\x23\x00\x00\x00\x04" +
		"\x00\x00\x00\x00\x00\x00\x0c\xf8\x00\x00\x00\x23\x00\x00\x00\x04" +
		"\x00\x00\x00\x00\x00\x00\x0d\x08\x00\x00\x00\x23\x00\x00\x00\x04" +
		"\x00\x00\x00\x00\x00\x00\x0d\x18\x00\x00\x00\x23\x00\x00\x00\x04" +
		"\x00\x00\x00\x00\x00\x00\x0d\x28\x00\x00\x00\x23\x00\x00\x00\x04" +
		"\x00\x00\x00\x00\x00\x00\x0d\x38\x00\x00\x00\x23\x00\x00\x00\x04" +
		"\x00\x00\x00\x00\x00\x00\x0d\x48\x00\x00\x00\x23\x00\x00\x00\x04" +
		"\x00\x00\x00\x00\x00\x00\x0d\x58\x00\x00\x00\x23\x00\x00\x00\x04" +
		"\x00\x00\x00\x00\x00\x00\x0d\x68\x00\x00\x00\x23\x00\x00\x00\x04" +
		"\x00\x00\x00\x00\x00\x00\x0d\x78\x00\x00\x00\x23\x00\x00\x00\x04" +
		"\x00\x00\x00\x00\x00\x00\x0d\x88\x00\x00\x00\x23\x00\x00\x00\x04" +
		"\x00\x00\x00\x00\x00\x00\x0d\x98\x00\x00\x00\x23\x00\x00\x00\x04" +
		"\x00\x00\x00\x00\x00\x00\x0d\xa8\x00\x00\x00\x23\x00\x00\x00\x04" +
		"\x00\x00\x00\x00\x00\x00\x0d\xb8\x00\x00\x00\x23\x00\x00\x00\x04" +
		"\x00\x00\x00\x00\x00\x00\x0d\xc8\x00\x00\x00\x23\x00\x00\x00\x04" +
		"\x00\x00\x00\x00\x00\x00\x0d\xd8\x00\x00\x00\x23\x00\x00\x00\x04" +
		"\x00\x00\x00\x00\x00\x00\x0d\xe8\x00\x00\x00\x23\x00\x00\x00\x04" +
		"\x00\x00\x00\x00\x00\x00\x0d\xf8\x00\x00\x00\x23\x00\x00\x00\x04" +
		"\x00\x00\x00\x00\x00\x00\x0e\x08\x00\x00\x00\x23\x00\x00\x00\x04" +
		"\x00\x00\x00\x00\x00\x00\x0e\x18\x00\x00\x00\x23\x00\x00\x00\x04" +
		"\x00\x00\x00\x00\x00\x00\x0e\x28\x00\x00\x00\x23\x00\x00\x00\x04" +
		"\x00\x00\x00\x00\x00\x00\x0e\x38\x00\x00\x00\x23\x00\x00\x00\x04" +
		"\x00\x00\x00\x00\x00\x00\x0e\x48\x00\x00\x00\x23\x00\x00\x00\x04" +
		"\x00\x00\x00\x00\x00\x00\x0e\x58\x00\x00\x00\x23\x00\x00\x00\x04" +
		"\x00\x00\x00\x00\x00\x00\x0e\x68\x00\x00\x00\x23\x00\x00\x00\x04" +
		"\x00\x00\x00\x00\x00\x00\x0e\x78\x00\x00\x00\x23\x00\x00\x00\x04" +
		"\x00\x00\x00\x00\x00\x00\x0e\x88\x00\x00\x00\x23\x00\x00\x00\x04" +
		"\x00\x00\x00\x00\x00\x00\x0e\x98\x00\x00\x00\x23\x00\x00\x00\x04" +
		"\x00\x00\x00\x00\x00\x00\x0e\xa8\x00\x00\x00\x23\x00\x00\x00\x04" +
		"\x00\x00\x00\x00\x00\x00\x0e\xb8\x00\x00\x00\x23\x00\x00\x00\x04" +
		"\x00\x00\x00\x00\x00\x00\x0e\xc8\x00\x00\x00\x23\x00\x00\x00\x04" +
		"\x00\x00\x00\x00\x00\x00\x0e\xd8\x00\x00\x00\x23\x00\x00\x00\x04" +
		"\x00\x00\x00\x00\x00\x00\x0e\xe8\x00\x00\x00\x23\x00\x00\x00\x04" +
		"\x00\x00\x00\x00\x00\x00\x0e\xf8\x00\x00\x00\x23\x00\x00\x00\x04" +
		"\x00\x00\x00\x00\x00\x00\x0f\x08\x00\x00\x00\x23\x00\x00\x00\x04" +
		"\x00\x00\x00\x00\x00\x00\x0f\x18\x00\x00\x00\x23\x00\x00\x00\x04" +
		"\x00\x00\x00\x00\x00\x00\x0f\x28\x00\x00\x00\x23\x00\x00\x00\x04" +
		"\x00\x00\x00\x00\x00\x00\x0f\x38\x00\x00\x00\x23\x00\x00\x00\x04" +
		"\x00\x00\x00\x00\x00\x00\x0f\x48\x00\x00\x00\x23\x00\x00\x00\x04" +
		"\x00\x00\x00\x00\x00\x00\x0f\x58\x00\x00\x00\x23\x00\x00\x00\x04" +
		"\x00\x00\x00\x00\x00\x00\x0f\x68\x00\x00\x00\x23\x00\x00\x00\x04" +
		"\x00\x00\x00\x00\x00\x00\x0f\x78\x00\x00\x00\x23\x00\x00\x00\x04" +
		"\x00\x00\x00\x00\x00\x00\x0f\x88\x00\x00\x00\x23\x00\x00\x00\x04" +
		"\x00\x00\x00\x00\x00\x00\x0f\x98\x00\x00\x00\x23\x00\x00\x00\x04" +
		"\x00\x00\x00\x00\x00\x00\x0f\xa8\x00\x00\x00\x23\x00\x00\x00\x04" +
		"\x00\x00\x00\x00\x00\x00\x0f\xb8\x00\x00\x00\x23\x00\x00\x00\x04" +
		"\x00\x00\x00\x00\x00\x00\x0f\xc8\x00\x00\x00\x23\x00\x00\x00\x04" +
		"\x00\x00\x00\x00\x00\x00\x0f\xd8\x00\x00\x00\x23\x00\x00\x00\x04" +
		"\x00\x00\x00\x00\x00\x00\x0f\xe8\x00\x00\x00\x23\x00\x00\x00\x04" +
		"\x00\x00\x00\x00\x00\x00\x0f\xf8\x00\x00\x00\x23\x00\x00\x00\x04" +
		"\x00\x00\x00\x00\x00\x00\x10\x08\x00\x00\x00\x23\x00\x00\x00\x04" +
		"\x00\x00\x00\x00\x00\x00\x10\x18\x00\x00\x00\x23\x00\x00\x00\x04" +
		"\x00\x00\x00\x00\x00\x00\x10\x28\x00\x00\x00\x23\x00\x00\x00\x04" +
		"\x00\x00\x00\x00\x00\x00\x10\x38\x00\x00\x00\x23\x00\x00\x00\x04" +
		"\x00\x00\x00\x00\x00\x00\x10\x48\x00\x00\x00\x23\x00\x00\x00\x04" +
		"\x00\x00\x00\x00\x00\x00\x10\x58\x00\x00\x00\x23\x00\x00\x00\x04" +
		"\x00\x00\x00\x00\x00\x00\x10\x68\x00\x00\x00\x23\x00\x00\x00\x04" +
		"\x00\x00\x00\x00\x00\x00\x10\x78\x00\x00\x00\x23\x00\x00\x00\x04" +
		"\x00\x00\x00\x00\x00\x00\x10\x88\x00\x00\x00\x23\x00\x00\x00\x04" +
		"\x00\x00\x00\x00\x00\x00\x10\x98\x00\x00\x00\x23\x00\x00\x00\x04" +
		"\x00\x00\x00\x00\x00\x00\x10\xa8\x00\x00\x00\x23\x00\x00\x00\x04" +
		"\x00\x00\x00\x00\x00\x00\x10\xb8\x00\x00\x00\x23\x00\x00\x00\x04" +
		"\x00\x00\x00\x00\x00\x00\x10\xc8\x00\x00\x00\x23\x00\x00\x00\x04" +
		"\x00\x00\x00\x00\x00\x00\x10\xd8\x00\x00\x00\x23\x00\x00\x00\x04" +
		"\x00\x00\x00\x00\x00\x00\x10\xe8\x00\x00\x00\x23\x00\x00\x00\x04" +
		"\x00\x00\x00\x00\x00\x00\x10\xf8\x00\x00\x00\x23\x00\x00\x00\x04" +
		"\x00\x00\x00\x00\x00\x00\x11\x08\x00\x00\x00\x23\x00\x00\x00\x04" +
		"\x00\x00\x00\x00\x00\x00\x11\x18\x00\x00\x00\x23\x00\x00\x00\x04" +
		"\x00\x00\x00\x00\x00\x00\x11\x28\x00\x00\x00\x23\x00\x00\x00\x04" +
		"\x00\x00\x00\x00\x00\x00\x11\x38\x00\x00\x00\x23\x00\x00\x00\x04" +
		"\x00\x00\x00\x00\x00\x00\x11\x48\x00\x00\x00\x23\x00\x00\x00\x04" +
		"\x00\x00\x00\x00\x00\x00\x11\x58\x00\x00\x00\x23\x00\x00\x00\x04" +
		"\x00\x00\x00\x00\x00\x00\x11\x68\x00\x00\x00\x23\x00\x00\x00\x04" +
		"\x00\x00\x00\x00\x00\x00\x11\x78\x00\x00\x00\x23\x00\x00\x00\x04" +
		"\x00\x00\x00\x00\x00\x00\x11\x88\x00\x00\x00\x23\x00\x00\x00\x04" +
		"\x00\x00\x00\x00\x00\x00\x11\x98\x00\x00\x00\x23\x00\x00\x00\x04" +
		"\x00\x00\x00\x00\x00\x00\x11\xa8\x00\x00\x00\x23\x00\x00\x00\x04" +
		"\x00\x00\x00\x00\x00\x00\x11\xb8\x00\x00\x00\x23\x00\x00\x00\x04" +
		"\x00\x00\x00\x00\x00\x00\x11\xc8\x00\x00\x00\x23\x00\x00\x00\x04" +
		"\x00\x00\x00\x00\x00\x00\x11\xd8\x00\x00\x00\x23\x00\x00\x00\x04" +
		"\x00\x00\x00\x00\x00\x00\x11\xe8\x00\x00\x00\x23\x00\x00\x00\x04" +
		"\x00\x00\x00\x00\x00\x00\x11\xf8\x00\x00\x00\x23\x00\x00\x00\x04" +
		"\x00\x00\x00\x00\x00\x00\x12\x08\x00\x00\x00\x23\x00\x00\x00\x04" +
		"\x00\x00\x00\x00\x00\x00\x12\x18\x00\x00\x00\x23\x00\x00\x00\x04" +
		"\x00\x00\x00\x00\x00\x00\x12\x28\x00\x00\x00\x23\x00\x00\x00\x04" +
		"\x00\x00\x00\x00\x00\x00\x12\x38\x00\x00\x00\x23\x00\x00\x00\x04" +
		"\x00\x00\x00\x00\x00\x00\x12\x48\x00\x00\x00\x23\x00\x00\x00\x04" +
		"\x00\x00\x00\x00\x00\x00\x12\x58\x00\x00\x00\x23\x00\x00\x00\x04" +
		"\x00\x00\x00\x00\x00\x00\x12\x68\x00\x00\x00\x23\x00\x00\x00\x04" +
		"\x00\x00\x00\x00\x00\x00\x12\x78\x00\x00\x00\x23\x00\x00\x00\x04" +
		"\x00\x00\x00\x00\x00\x00\x12\x88\x00\x00\x00\x23\x00\x00\x00\x04" +
		"\x00\x00\x00\x00\x00\x00\x12\x98\x00\x00\x00\x23\x00\x00\x00\x04" +
		"\x00\x00\x00\x00\x00\x00\x12\xa8\x00\x00\x00\x23\x00\x00\x00\x04" +
		"\x00\x00\x00\x00\x00\x00\x12\xb8\x00\x00\x00\x23\x00\x00\x00\x04" +
		"\x00\x00\x00\x00\x00\x00\x12\xc8\x00\x00\x00\x23\x00\x00\x00\x04" +
		"\x00\x00\x00\x00\x00\x00\x12\xd8\x00\x00\x00\x23\x00\x00\x00\x04" +
		"\x00\x00\x00\x00\x00\x00\x12\xe8\x00\x00\x00\x23\x00\x00\x00\x04" +
		"\x00\x00\x00\x00\x00\x00\x12\xf8\x00\x00\x00\x23\x00\x00\x00\x04" +
		"\x00\x00\x00\x00\x00\x00\x13\x08\x00\x00\x00\x23\x00\x00\x00\x04" +
		"\x00\x00\x00\x00\x00\x00\x13\x18\x00\x00\x00\x23\x00\x00\x00\x04" +
		"\x00\x00\x00\x00\x00\x00\x13\x28\x00\x00\x00\x23\x00\x00\x00\x04" +
		"\x00\x00\x00\x00\x00\x00\x13\x38\x00\x00\x00\x23\x00\x00\x00\x04" +
		"\x00\x00\x00\x00\x00\x00\x13\x48\x00\x00\x00\x23\x00\x00\x00\x04" +
		"\x00\x00\x00\x00\x00\x00\x13\x58\x00\x00\x00\x23\x00\x00\x00\x04" +
		"\x00\x00\x00\x00\x00\x00\x13\x68\x00\x00\x00\x23\x00\x00\x00\x04" +
		"\x00\x00\x00\x00\x00\x00\x13\x78\x00\x00\x00\x23\x00\x00\x00\x04" +
		"\x00\x00\x00\x00\x00\x00\x13\x88\x00\x00\x00\x23\x00\x00\x00\x04" +
		"\x00\x00\x00\x00\x00\x00\x13\x98\x00\x00\x00\x23\x00\x00\x00\x04" +
		"\x00\x00\x00\x00\x00\x00\x13\xa8\x00\x00\x00\x23\x00\x00\x00\x04" +
		"\x00\x00\x00\x00\x00\x00\x13\xb8\x00\x00\x00\x23\x00\x00\x00\x04" +
		"\x00\x00\x00\x00\x00\x00\x13\xc8\x00\x00\x00\x23\x00\x00\x00\x04" +
		"\x00\x00\x00\x00\x00\x00\x13\xd8\x00\x00\x00\x23\x00\x00\x00\x04" +
		"\x00\x00\x00\x00\x00\x00\x13\xe8\x00\x00\x00\x23\x00\x00\x00\x04" +
		"\x00\x00\x00\x00\x00\x00\x13\xf8\x00\x00\x00\x23\x00\x00\x00\x04" +
		"\x00\x00\x00\x00\x00\x00\x14\x08\x00\x00\x00\x23\x00\x00\x00\x04" +
		"\x00\x00\x00\x00\x00\x00\x14\x18\x00\x00\x00\x23\x00\x00\x00\x04" +
		"\x00\x00\x00\x00\x00\x00\x14\x28\x00\x00\x00\x23\x00\x00\x00\x04" +
		"\x00\x00\x00\x00\x00\x00\x14\x38\x00\x00\x00\x23\x00\x00\x00\x04" +
		"\x00\x00\x00\x00\x00\x00\x14\x48\x00\x00\x00\x23\x00\x00\x00\x04" +
		"\x00\x00\x00\x00\x00\x00\x14\x58\x00\x00\x00\x23\x00\x00\x00\x04" +
		"\x00\x00\x00\x00\x00\x00\x14\x68\x00\x00\x00\x23\x00\x00\x00\x04" +
		"\x00\x00\x00\x00\x00\x00\x14\x78\x00\x00\x00\x23\x00\x00\x00\x04" +
		"\x00\x00\x00\x00\x00\x00\x14\x88\x00\x00\x00\x23\x00\x00\x00\x04" +
		"\x00\x00\x00\x00\x00\x00\x14\x98\x00\x00\x00\x23\x00\x00\x00\x04" +
		"\x00\x00\x00\x00\x00\x00\x14\xa8\x00\x00\x00\x23\x00\x00\x00\x04" +
		"\x00\x00\x00\x00\x00\x00\x14\xb8\x00\x00\x00\x23\x00\x00\x00\x04" +
		"\x00\x00\x00\x00\x00\x00\x14\xc8\x00\x00\x00\x23\x00\x00\x00\x04" +
		"\x00\x00\x00\x00\x00\x00\x14\xd8\x00\x00\x00\x23\x00\x00\x00\x04" +
		"\x00\x00\x00\x00\x00\x00\x14\xe8\x00\x00\x00\x23\x00\x00\x00\x04" +
		"\x00\x00\x00\x00\x00\x00\x14\xf8\x00\x00\x00\x23\x00\x00\x00\x04" +
		"\x00\x00\x00\x00\x00\x00\x15\x08\x00\x00\x00\x23\x00\x00\x00\x04" +
		"\x00\x00\x00\x00\x00\x00\x15\x18\x00\x00\x00\x23\x00\x00\x00\x04" +
		"\x00\x00\x00\x00\x00\x00\x15\x28\x00\x00\x00\x23\x00\x00\x00\x04" +
		"\x00\x00\x00\x00\x00\x00\x15\x38\x00\x00\x00\x23\x00\x00\x00\x04" +
		"\x00\x00\x00\x00\x00\x00\x15\x48\x00\x00\x00\x23\x00\x00\x00\x04" +
		"\x00\x00\x00\x00\x00\x00\x15\x58\x00\x00\x00\x23\x00\x00\x00\x04" +
		"\x00\x00\x00\x00\x00\x00\x15\x68\x00\x00\x00\x23\x00\x00\x00\x04" +
		"\x00\x00\x00\x00\x00\x00\x15\x78\x00\x00\x00\x23\x00\x00\x00\x04" +
		"\x00\x00\x00\x00\x00\x00\x15\x88\x00\x00\x00\x23\x00\x00\x00\x04" +
		"\x00\x00\x00\x00\x00\x00\x15\x98\x00\x00\x00\x23\x00\x00\x00\x04" +
		"\x00\x00\x00\x00\x00\x00\x15\xa8\x00\x00\x00\x23\x00\x00\x00\x04" +
		"\x00\x00\x00\x00\x00\x00\x15\xb8\x00\x00\x00\x23\x00\x00\x00\x04" +
		"\x00\x00\x00\x00\x00\x00\x15\xc8\x00\x00\x00\x23\x00\x00\x00\x04" +
		"\x00\x00\x00\x00\x00\x00\x15\xd8\x00\x00\x00\x23\x00\x00\x00\x04" +
		"\x00\x00\x00\x00\x00\x00\x15\xe8\x00\x00\x00\x23\x00\x00\x00\x04" +
		"\x00\x00\x00\x00\x00\x00\x15\xf8\x00\x00\x00\x23\x00\x00\x00\x04" +
		"\x00\x00\x00\x00\x00\x00\x16\x08\x00\x00\x00\x23\x00\x00\x00\x04" +
		"\x00\x00\x00\x00\x00\x00\x16\x18\x00\x00\x00\x23\x00\x00\x00\x04" +
		"\x00\x00\x00\x00\x00\x00\x16\x28\x00\x00\x00\x23\x00\x00\x00\x04" +
		"\x00\x00\x00\x00\x00\x00\x16\x38\x00\x00\x00\x23\x00\x00\x00\x04" +
		"\x00\x00\x00\x00\x00\x00\x16\x48\x00\x00\x00\x23\x00\x00\x00\x04" +
		"\x00\x00\x00\x00\x00\x00\x16\x58\x00\x00\x00\x23\x00\x00\x00\x04" +
		"\x00\x00\x00\x00\x00\x00\x16\x68\x00\x00\x00\x23\x00\x00\x00\x04" +
		"\x00\x00\x00\x00\x00\x00\x16\x78\x00\x00\x00\x23\x00\x00\x00\x04" +
		"\x00\x00\x00\x00\x00\x00\x16\x88\x00\x00\x00\x23\x00\x00\x00\x04" +
		"\x00\x00\x00\x00\x00\x00\x16\x98\x00\x00\x00\x23\x00\x00\x00\x04" +
		"\x00\x00\x00\x00\x00\x00\x16\xa8\x00\x00\x00\x23\x00\x00\x00\x04" +
		"\x00\x00\x00\x00\x00\x00\x16\xb8\x00\x00\x00\x23\x00\x00\x00\x04" +
		"\x00\x00\x00\x00\x00\x00\x16\xc8\x00\x00\x00\x23\x00\x00\x00\x04" +
		"\x00\x00\x00\x00\x00\x00\x16\xd8\x00\x00\x00\x23\x00\x00\x00\x04" +
		"\x00\x00\x00\x00\x00\x00\x16\xe8\x00\x00\x00\x23\x00\x00\x00\x04" +
		"\x00\x00\x00\x00\x00\x00\x16\xf8\x00\x00\x00\x23\x00\x00\x00\x04" +
		"\x00\x00\x00\x00\x00\x00\x17\x08\x00\x00\x00\x23\x00\x00\x00\x04" +
		"\x00\x00\x00\x00\x00\x00\x17\x18\x00\x00\x00\x23\x00\x00\x00\x04" +
		"\x00\x00\x00\x00\x00\x00\x17\x28\x00\x00\x00\x23\x00\x00\x00\x04" +
		"\x00\x00\x00\x00\x00\x00\x17\x38\x00\x00\x00\x23\x00\x00\x00\x04" +
		"\x00\x00\x00\x00\x00\x00\x17\x48\x00\x00\x00\x23\x00\x00\x00\x04" +
		"\x00\x00\x00\x00\x00\x00\x17\x58\x00\x00\x00\x23\x00\x00\x00\x04" +
		"\x00\x00\x00\x00\x00\x00\x17\x68\x00\x00\x00\x23\x00\x00\x00\x04" +
		"\x00\x00\x00\x00\x00\x00\x17\x78\x00\x00\x00\x23\x00\x00\x00\x04" +
		"\x00\x00\x00\x00\x00\x00\x17\x88\x00\x00\x00\x23\x00\x00\x00\x04" +
		"\x00\x00\x00\x00\x00\x00\x17\xa0\x00\x00\x00\x46\x00\x00\x00\x04" +
		"\x00\x00\x00\x00\x00\x00\x17\xb0\x00\x00\x00\x46\x00\x00\x00\x04" +
		"\x00\x00\x00\x00\x00\x00\x17\xc0\x00\x00\x00\x46\x00\x00\x00\x04" +
		"\x00\x00\x00\x00\x00\x00\x17\xd0\x00\x00\x00\x46\x00\x00\x00\x04" +
		"\x00\x00\x00\x00\x00\x00\x17\xe0\x00\x00\x00\x46\x00\x00\x00\x04" +
		"\x00\x00\x00\x00\x00\x00\x17\xf0\x00\x00\x00\x46\x00\x00\x00\x04" +
		"\x00\x00\x00\x00\x00\x00\x18\x00\x00\x00\x00\x46\x00\x00\x00\x04" +
		"\x00\x00\x00\x00\x00\x00\x18\x10\x00\x00\x00\x46\x00\x00\x00\x04" +
		"\x00\x00\x00\x00\x00\x00\x18\x20\x00\x00\x00\x46\x00\x00\x00\x04" +
		"\x00\x00\x00\x00\x00\x00\x18\x30\x00\x00\x00\x46\x00\x00\x00\x04" +
		"\x00\x00\x00\x00\x00\x00\x18\x40\x00\x00\x00\x46\x00\x00\x00\x04" +
		"\x00\x00\x00\x00\x00\x00\x18\x50\x00\x00\x00\x46\x00\x00\x00\x04" +
		"\x00\x00\x00\x00\x00\x00\x18\x60\x00\x00\x00\x46\x00\x00\x00\x04" +
		"\x00\x00\x00\x00\x00\x00\x18\x70\x00\x00\x00\x46\x00\x00\x00\x04" +
		"\x00\x00\x00\x00\x00\x00\x18\x80\x00\x00\x00\x46\x00\x00\x00\x04" +
		"\x00\x00\x00\x00\x00\x00\x18\x90\x00\x00\x00\x46\x00\x00\x00\x04" +
		"\x00\x00\x00\x00\x00\x00\x18\xa0\x00\x00\x00\x46\x00\x00\x00\x04" +
		"\x00\x00\x00\x00\x00\x00\x18\xb0\x00\x00\x00\x46\x00\x00\x00\x04" +
		"\x00\x00\x00\x00\x00\x00\x18\xc0\x00\x00\x00\x46\x00\x00\x00\x04" +
		"\x00\x00\x00\x00\x00\x00\x18\xd0\x00\x00\x00\x46\x00\x00\x00\x04" +
		"\x00\x00\x00\x00\x00\x00\x18\xe0\x00\x00\x00\x46\x00\x00\x00\x04" +
		"\x00\x00\x00\x00\x00\x00\x18\xf0\x00\x00\x00\x46\x00\x00\x00\x04" +
		"\x00\x00\x00\x00\x00\x00\x19\x00\x00\x00\x00\x46\x00\x00\x00\x04" +
		"\x00\x00\x00\x00\x00\x00\x19\x10\x00\x00\x00\x46\x00\x00\x00\x04" +
		"\x00\x00\x00\x00\x00\x00\x19\x20\x00\x00\x00\x46\x00\x00\x00\x04" +
		"\x00\x00\x00\x00\x00\x00\x19\x30\x00\x00\x00\x46\x00\x00\x00\x04" +
		"\x00\x00\x00\x00\x00\x00\x19\x40\x00\x00\x00\x46\x00\x00\x00\x04" +
		"\x00\x00\x00\x00\x00\x00\x19\x50\x00\x00\x00\x46\x00\x00\x00\x04" +
		"\x00\x00\x00\x00\x00\x00\x19\x60\x00\x00\x00\x46\x00\x00\x00\x04" +
		"\x00\x00\x00\x00\x00\x00\x19\x70\x00\x00\x00\x46\x00\x00\x00\x04" +
		"\x00\x00\x00\x00\x00\x00\x19\x80\x00\x00\x00\x46\x00\x00\x00\x04" +
		"\x00\x00\x00\x00\x00\x00\x19\x90\x00\x00\x00\x46\x00\x00\x00\x04" +
		"\x00\x00\x00\x00\x00\x00\x19\xa8\x00\x00\x00\x50\x00\x00\x00\x04" +
		"\x00\x00\x00\x00\x00\x00\x19\xb8\x00\x00\x00\x50\x00\x00\x00\x04" +
		"\x00\x00\x00\x00\x00\x00\x19\xc8\x00\x00\x00\x50\x00\x00\x00\x04" +
		"\x00\x00\x00\x00\x00\x00\x19\xd8\x00\x00\x00\x50\x00\x00\x00\x04" +
		"\x00\x00\x00\x00\x00\x00\x19\xe8\x00\x00\x00\x50\x00\x00\x00\x04" +
		"\x00\x00\x00\x00\x00\x00\x19\xf8\x00\x00\x00\x50\x00\x00\x00\x04" +
		"\x00\x00\x00\x00\x00\x00\x1a\x08\x00\x00\x00\x50\x00\x00\x00\x04" +
		"\x00\x00\x00\x00\x00\x00\x1a\x18\x00\x00\x00\x50\x00\x00\x00\x04" +
		"\x00\x00\x00\x00\x00\x00\x1a\x28\x00\x00\x00\x50\x00\x00\x00\x04" +
		"\x00\x00\x00\x00\x00\x00\x1a\x38\x00\x00\x00\x50\x00\x00\x00\x04" +
		"\x00\x00\x00\x00\x00\x00\x1a\x48\x00\x00\x00\x50\x00\x00\x00\x04" +
		"\x00\x00\x00\x00\x00\x00\x1a\x58\x00\x00\x00\x50\x00\x00\x00\x04" +
		"\x00\x00\x00\x00\x00\x00\x1a\x68\x00\x00\x00\x50\x00\x00\x00\x04" +
		"\x00\x00\x00\x00\x00\x00\x1a\x78\x00\x00\x00\x50\x00\x00\x00\x04" +
		"\x00\x00\x00\x00\x00\x00\x1a\x88\x00\x00\x00\x50\x00\x00\x00\x04" +
		"\x00\x00\x00\x00\x00\x00\x1a\x98\x00\x00\x00\x50\x00\x00\x00\x04" +
		"\x00\x00\x00\x00\x00\x00\x1a\xa8\x00\x00\x00\x50\x00\x00\x00\x04" +
		"\x00\x00\x00\x00\x00\x00\x1a\xb8\x00\x00\x00\x50\x00\x00\x00\x04" +
		"\x00\x00\x00\x00\x00\x00\x1a\xc8\x00\x00\x00\x50\x00\x00\x00\x04" +
		"\x00\x00\x00\x00\x00\x00\x1a\xd8\x00\x00\x00\x50\x00\x00\x00\x04" +
		"\x00\x00\x00\x00\x00\x00\x1a\xe8\x00\x00\x00\x50\x00\x00\x00\x04" +
		"\x00\x00\x00\x00\x00\x00\x1a\xf8\x00\x00\x00\x50\x00\x00\x00\x04" +
		"\x00\x00\x00\x00\x00\x00\x1b\x08\x00\x00\x00\x50\x00\x00\x00\x04" +
		"\x00\x00\x00\x00\x00\x00\x1b\x18\x00\x00\x00\x50\x00\x00\x00\x04" +
		"\x00\x00\x00\x00\x00\x00\x1b\x28\x00\x00\x00\x50\x00\x00\x00\x04" +
		"\x00\x00\x00\x00\x00\x00\x1b\x38\x00\x00\x00\x50\x00\x00\x00\x04" +
		"\x00\x00\x00\x00\x00\x00\x1b\x48\x00\x00\x00\x50\x00\x00\x00\x04" +
		"\x00\x00\x00\x00\x00\x00\x1b\x58\x00\x00\x00\x50\x00\x00\x00\x04" +
		"\x00\x00\x00\x00\x00\x00\x1b\x68\x00\x00\x00\x50\x00\x00\x00\x04" +
		"\x00\x00\x00\x00\x00\x00\x1b\x78\x00\x00\x00\x50\x00\x00\x00\x04" +
		"\x00\x00\x00\x00\x00\x00\x1b\x88\x00\x00\x00\x50\x00\x00\x00\x04" +
		"\x00\x00\x00\x00\x00\x00\x1b\x98\x00\x00\x00\x50\x00\x00\x00\x04" +
		"\x00\x00\x00\x00\x00\x00\x00\x14\x00\x00\x00\x60\x00\x00\x00\x03" +
		"\x00\x00\x00\x00\x00\x00\x00\x18\x00\x00\x00\x02\x00\x00\x00\x02" +
		"\x00\x00\x00\x00\x00\x00\x00\x2c\x00\x00\x00\x60\x00\x00\x00\x03" +
		"\x00\x00\x00\x00\x00\x00\x00\x30\x00\x00\x00\x23\x00\x00\x00\x02" +
		"\x00\x00\x00\x00\x00\x00\x00\x44\x00\x00\x00\x60\x00\x00\x00\x03" +
		"\x00\x00\x00\x00\x00\x00\x00\x48\x00\x00\x00\x46\x00\x00\x00\x02" +
		"\x00\x00\x00\x00\x00\x00\x00\x5c\x00\x00\x00\x60\x00\x00\x00\x03" +
		"\x00\x00\x00\x00\x00\x00\x00\x60\x00\x00\x00\x50\x00\x00\x00\x02" +
		"\x00\x00\x00\x00\x00\x00\x00\x22\x00\x00\x00\x62\x00\x00\x00\x03" +
		"\x00\x00\x00\x00\x00\x00\x00\x2e\x00\x00\x00\x62\x00\x00\x00\x03" +
		"\x00\x00\x00\x00\x00\x00\x00\x48\x00\x00\x00\x02\x00\x00\x00\x02" +
		"\x00\x00\x00\x00\x00\x00\x04\x37\x00\x00\x00\x23\x00\x00\x00\x02" +
		"\x00\x00\x00\x00\x00\x00\x08\x41\x00\x00\x00\x46\x00\x00\x00\x02" +
		"\x00\x00\x00\x00\x00\x00\x09\x26\x00\x00\x00\x50\x00\x00\x00\x02" +
		"\x63\x69\x6b\x6c\x64\x65\x66\x68\x6d\x6a\x67\x00\x2e\x64\x65\x62" +
		"\x75\x67\x5f\x61\x62\x62\x72\x65\x76\x00\x2e\x74\x65\x78\x74\x00" +
		"\x2e\x72\x65\x6c\x2e\x42\x54\x46\x2e\x65\x78\x74\x00\x2e\x64\x65" +
		"\x62\x75\x67\x5f\x72\x6e\x67\x6c\x69\x73\x74\x73\x00\x2e\x64\x65" +
		"\x62\x75\x67\x5f\x6c\x6f\x63\x6c\x69\x73\x74\x73\x00\x66\x6c\x6f" +
		"\x77\x5f\x65\x76\x65\x6e\x74\x73\x00\x2e\x72\x65\x6c\x2e\x64\x65" +
		"\x62\x75\x67\x5f\x73\x74\x72\x5f\x6f\x66\x66\x73\x65\x74\x73\x00" +
		"\x66\x69\x6c\x74\x65\x72\x5f\x69\x6e\x67\x72\x65\x73\x73\x00\x2e" +
		"\x72\x65\x6c\x63\x67\x72\x6f\x75\x70\x5f\x73\x6b\x62\x2f\x69\x6e" +
		"\x67\x72\x65\x73\x73\x00\x66\x69\x6c\x74\x65\x72\x5f\x65\x67\x72" +
		"\x65\x73\x73\x00\x2e\x72\x65\x6c\x63\x67\x72\x6f\x75\x70\x5f\x73" +
		"\x6b\x62\x2f\x65\x67\x72\x65\x73\x73\x00\x65\x6e\x66\x6f\x72\x63" +
		"\x65\x64\x5f\x63\x67\x72\x6f\x75\x70\x73\x00\x2e\x6d\x61\x70\x73" +
		"\x00\x2e\x64\x65\x62\x75\x67\x5f\x73\x74\x72\x00\x2e\x64\x65\x62" +
		"\x75\x67\x5f\x6c\x69\x6e\x65\x5f\x73\x74\x72\x00\x2e\x72\x65\x6c" +
		"\x2e\x64\x65\x62\x75\x67\x5f\x61\x64\x64\x72\x00\x61\x74\x74\x61" +
		"\x63\x68\x65\x64\x5f\x63\x67\x72\x6f\x75\x70\x00\x70\x6f\x6c\x69" +
		"\x63\x79\x5f\x6d\x61\x70\x00\x65\x6e\x66\x6f\x72\x63\x65\x6d\x65" +
		"\x6e\x74\x5f\x63\x6f\x6e\x66\x69\x67\x5f\x6d\x61\x70\x00\x2e\x72" +
		"\x65\x6c\x2e\x64\x65\x62\x75\x67\x5f\x69\x6e\x66\x6f\x00\x2e\x6c" +
		"\x6c\x76\x6d\x5f\x61\x64\x64\x72\x73\x69\x67\x00\x66\x69\x6c\x74" +
		"\x65\x72\x5f\x69\x6e\x67\x72\x65\x73\x73\x5f\x70\x65\x72\x6d\x69" +
		"\x73\x73\x69\x76\x65\x00\x2e\x72\x65\x6c\x63\x67\x72\x6f\x75\x70" +
		"\x5f\x73\x6b\x62\x2f\x69\x6e\x67\x72\x65\x73\x73\x5f\x70\x65\x72" +
		"\x6d\x69\x73\x73\x69\x76\x65\x00\x66\x69\x6c\x74\x65\x72\x5f\x65" +
		"\x67\x72\x65\x73\x73\x5f\x70\x65\x72\x6d\x69\x73\x73\x69\x76\x65" +
		"\x00\x2e\x72\x65\x6c\x63\x67\x72\x6f\x75\x70\x5f\x73\x6b\x62\x2f" +
		"\x65\x67\x72\x65\x73\x73\x5f\x70\x65\x72\x6d\x69\x73\x73\x69\x76" +
		"\x65\x00\x5f\x6c\x69\x63\x65\x6e\x73\x65\x00\x2e\x72\x65\x6c\x2e" +
		"\x64\x65\x62\x75\x67\x5f\x6c\x69\x6e\x65\x00\x2e\x72\x65\x6c\x2e" +
		"\x64\x65\x62\x75\x67\x5f\x66\x72\x61\x6d\x65\x00\x66\x69\x6c\x74" +
		"\x65\x72\x2e\x63\x00\x2e\x73\x74\x72\x74\x61\x62\x00\x2e\x73\x79" +
		"\x6d\x74\x61\x62\x00\x2e\x72\x65\x6c\x2e\x42\x54\x46\x00\x4c\x42" +
		"\x42\x33\x5f\x39\x00\x4c\x42\x42\x32\x5f\x39\x00\x4c\x42\x42\x30" +
		"\x5f\x39\x00\x4c\x42\x42\x31\x5f\x36\x39\x00\x4c\x42\x42\x31\x5f" +
		"\x35\x39\x00\x4c\x42\x42\x30\x5f\x35\x39\x00\x4c\x42\x42\x31\x5f" +
		"\x32\x39\x00\x4c\x42\x42\x33\x5f\x38\x00\x4c\x42\x42\x32\x5f\x38" +
		"\x00\x4c\x42\x42\x31\x5f\x38\x00\x4c\x42\x42\x30\x5f\x38\x00\x4c" +
		"\x42\x42\x31\x5f\x36\x38\x00\x4c\x42\x42\x30\x5f\x35\x38\x00\x4c" +
		"\x42\x42\x31\x5f\x34\x38\x00\x4c\x42\x42\x30\x5f\x34\x38\x00\x4c" +
		"\x42\x42\x31\x5f\x33\x38\x00\x4c\x42\x42\x30\x5f\x33\x38\x00\x4c" +
		"\x42\x42\x30\x5f\x32\x38\x00\x4c\x42\x42\x31\x5f\x31\x38\x00\x4c" +
		"\x42\x42\x30\x5f\x31\x38\x00\x4c\x42\x42\x33\x5f\x37\x00\x4c\x42" +
		"\x42\x32\x5f\x37\x00\x4c\x42\x42\x31\x5f\x37\x00\x4c\x42\x42\x30" +
		"\x5f\x37\x00\x4c\x42\x42\x31\x5f\x36\x37\x00\x4c\x42\x42\x31\x5f" +
		"\x35\x37\x00\x4c\x42\x42\x30\x5f\x35\x37\x00\x4c\x42\x42\x31\x5f" +
		"\x33\x37\x00\x4c\x42\x42\x31\x5f\x32\x37\x00\x70\x6f\x6c\x69\x63" +
		"\x79\x5f\x6d\x61\x70\x5f\x76\x36\x00\x4c\x42\x42\x31\x5f\x36\x36" +
		"\x00\x4c\x42\x42\x30\x5f\x35\x36\x00\x4c\x42\x42\x31\x5f\x34\x36" +
		"\x00\x4c\x42\x42\x30\x5f\x34\x36\x00\x4c\x42\x42\x31\x5f\x32\x36" +
		"\x00\x4c\x42\x42\x30\x5f\x32\x36\x00\x4c\x42\x42\x33\x5f\x31\x36" +
		"\x00\x4c\x42\x42\x32\x5f\x31\x36\x00\x4c\x42\x42\x31\x5f\x31\x36" +
		"\x00\x4c\x42\x42\x31\x5f\x36\x35\x00\x4c\x42\x42\x30\x5f\x33\x35" +
		"\x00\x4c\x42\x42\x30\x5f\x32\x35\x00\x4c\x42\x42\x33\x5f\x31\x35" +
		"\x00\x4c\x42\x42\x32\x5f\x31\x35\x00\x4c\x42\x42\x30\x5f\x31\x35" +
		"\x00\x4c\x42\x42\x33\x5f\x34\x00\x4c\x42\x42\x32\x5f\x34\x00\x4c" +
		"\x42\x42\x31\x5f\x34\x00\x4c\x42\x42\x30\x5f\x34\x00\x4c\x42\x42" +
		"\x30\x5f\x36\x34\x00\x4c\x42\x42\x31\x5f\x35\x34\x00\x4c\x42\x42" +
		"\x30\x5f\x33\x34\x00\x4c\x42\x42\x30\x5f\x32\x34\x00\x4c\x42\x42" +
		"\x33\x5f\x31\x34\x00\x4c\x42\x42\x32\x5f\x31\x34\x00\x4c\x42\x42" +
		"\x30\x5f\x31\x34\x00\x4c\x42\x42\x31\x5f\x36\x33\x00\x4c\x42\x42" +
		"\x30\x5f\x36\x33\x00\x4c\x42\x42\x30\x5f\x35\x33\x00\x4c\x42\x42" +
		"\x31\x5f\x34\x33\x00\x4c\x42\x42\x30\x5f\x34\x33\x00\x4c\x42\x42" +
		"\x30\x5f\x33\x33\x00\x4c\x42\x42\x31\x5f\x32\x33\x00\x4c\x42\x42" +
		"\x33\x5f\x31\x33\x00\x4c\x42\x42\x32\x5f\x31\x33\x00\x4c\x42\x42" +
		"\x31\x5f\x31\x33\x00\x4c\x42\x42\x31\x5f\x37\x32\x00\x4c\x42\x42" +
		"\x31\x5f\x36\x32\x00\x4c\x42\x42\x31\x5f\x35\x32\x00\x4c\x42\x42" +
		"\x31\x5f\x33\x32\x00\x4c\x42\x42\x30\x5f\x31\x32\x00\x4c\x42\x42" +
		"\x31\x5f\x37\x31\x00\x4c\x42\x42\x30\x5f\x36\x31\x00\x4c\x42\x42" +
		"\x30\x5f\x35\x31\x00\x4c\x42\x42\x31\x5f\x34\x31\x00\x4c\x42\x42" +
		"\x30\x5f\x34\x31\x00\x4c\x42\x42\x30\x5f\x32\x31\x00\x4c\x42\x42" +
		"\x33\x5f\x31\x31\x00\x4c\x42\x42\x32\x5f\x31\x31\x00\x4c\x42\x42" +
		"\x31\x5f\x31\x31\x00\x4c\x42\x42\x30\x5f\x36\x30\x00\x4c\x42\x42" +
		"\x31\x5f\x35\x30\x00\x4c\x42\x42\x30\x5f\x34\x30\x00\x4c\x42\x42" +
		"\x31\x5f\x33\x30\x00\x4c\x42\x42\x31\x5f\x32\x30\x00\x00\x00\x00" +
		"\x00\x00\x00\x00\x00\x00\x00\x00\x00\x00\x00\x00\x00\x00\x00\x00" +
		"\x00\x00\x00\x00\x00\x00\x00\x00\x00\x00\x00\x00\x00\x00\x00\x00" +
		"\x00\x00\x00\x00\x00\x00\x00\x00\x00\x00\x00\x00\x00\x00\x00\x00" +
		"\x00\x00\x00\x00\x00\x00\x00\x00\x00\x00\x00\x00\x00\x00\x00\x00" +
		"\x00\x00\x01\xea\x00\x00\x00\x03\x00\x00\x00\x00\x00\x00\x00\x00" +
		"\x00\x00\x00\x00\x00\x00\x00\x00\x00\x00\x00\x00\x00\x00\xb2\xdb" +
		"\x00\x00\x00\x00\x00\x00\x04\xa2\x00\x00\x00\x00\x00\x00\x00\x00" +
		"\x00\x00\x00\x00\x00\x00\x00\x01\x00\x00\x00\x00\x00\x00\x00\x00" +
		"\x00\x00\x00\x0f\x00\x00\x00\x01\x00\x00\x00\x00\x00\x00\x00\x06" +
		"\x00\x00\x00\x00\x00\x00\x00\x00\x00\x00\x00\x00\x00\x00\x00\x40" +
		"\x00\x00\x00\x00\x00\x00\x00\x00\x00\x00\x00\x00\x00\x00\x00\x00" +
		"\x00\x00\x00\x00\x00\x00\x00\x04\x00\x00\x00\x00\x00\x00\x00\x00" +
		"\x00\x00\x00\x9d\x00\x00\x00\x01\x00\x00\x00\x00\x00\x00\x00\x06" +
		"\x00\x00\x00\x00\x00\x00\x00\x00\x00\x00\x00\x00\x00\x00\x00\x40" +
		"\x00\x00\x00\x00\x00\x00\x0d\x48\x00\x00\x00\x00\x00\x00\x00\x00" +
		"\x00\x00\x00\x00\x00\x00\x00\x08\x00\x00\x00\x00\x00\x00\x00\x00" +
		"\x00\x00\x00\x99\x00\x00\x00\x09\x00\x00\x00\x00\x00\x00\x00\x40" +
		"\x00\x00\x00\x00\x00\x00\x00\x00\x00\x00\x00\x00\x00\x00\x8b\xa0" +
		"\x00\x00\x00\x00\x00\x00\x00\xd0\x00\x00\x00\x21\x00\x00\x00\x03" +
		"\x00\x00\x00\x00\x00\x00\x00\x08\x00\x00\x00\x00\x00\x00\x00\x10" +
		"\x00\x00\x00\x78\x00\x00\x00\x01\x00\x00\x00\x00\x00\x00\x00\x06" +
		"\x00\x00\x00\x00\x00\x00\x00\x00\x00\x00\x00\x00\x00\x00\x0d\x88" +
		"\x00\x00\x00\x00\x00\x00\x0e\x08\x00\x00\x00\x00\x00\x00\x00\x00" +
		"\x00\x00\x00\x00\x00\x00\x00\x08\x00\x00\x00\x00\x00\x00\x00\x00" +
		"\x00\x00\x00\x74\x00\x00\x00\x09\x00\x00\x00\x00\x00\x00\x00\x40" +
		"\x00\x00\x00\x00\x00\x00\x00\x00\x00\x00\x00\x00\x00\x00\x8c\x70" +
		"\x00\x00\x00\x00\x00\x00\x00\xf0\x00\x00\x00\x21\x00\x00\x00\x05" +
		"\x00\x00\x00\x00\x00\x00\x00\x08\x00\x00\x00\x00\x00\x00\x00\x10" +
		"\x00\x00\x01\x9a\x00\x00\x00\x01\x00\x00\x00\x00\x00\x00\x00\x06" +
		"\x00\x00\x00\x00\x00\x00\x00\x00\x00\x00\x00\x00\x00\x00\x1b\x90" +
		"\x00\x00\x00\x00\x00\x00\x02\x40\x00\x00\x00\x00\x00\x00\x00\x00" +
		"\x00\x00\x00\x00\x00\x00\x00\x08\x00\x00\x00\x00\x00\x00\x00\x00" +
		"\x00\x00\x01\x96\x00\x00\x00\x09\x00\x00\x00\x00\x00\x00\x00\x40" +
		"\x00\x00\x00\x00\x00\x00\x00\x00\x00\x00\x00\x00\x00\x00\x8d\x60" +
		"\x00\x00\x00\x00\x00\x00\x00\x20\x00\x00\x00\x21\x00\x00\x00\x07" +
		"\x00\x00\x00\x00\x00\x00\x00\x08\x00\x00\x00\x00\x00\x00\x00\x10" +
		"\x00\x00\x01\x5f\x00\x00\x00\x01\x00\x00\x00\x00\x00\x00\x00\x06" +
		"\x00\x00\x00\x00\x00\x00\x00\x00\x00\x00\x00\x00\x00\x00\x1d\xd0" +
		"\x00\x00\x00\x00\x00\x00\x02\x48\x00\x00\x00\x00\x00\x00\x00\x00" +
		"\x00\x00\x00\x00\x00\x00\x00\x08\x00\x00\x00\x00\x00\x00\x00\x00" +
		"\x00\x00\x01\x5b\x00\x00\x00\x09\x00\x00\x00\x00\x00\x00\x00\x40" +
		"\x00\x00\x00\x00\x00\x00\x00\x00\x00\x00\x00\x00\x00\x00\x8d\x80" +
		"\x00\x00\x00\x00\x00\x00\x00\x20\x00\x00\x00\x21\x00\x00\x00\x09" +
		"\x00\x00\x00\x00\x00\x00\x00\x08\x00\x00\x00\x00\x00\x00\x00\x10" +
		"\x00\x00\x00\xc0\x00\x00\x00\x01\x00\x00\x00\x00\x00\x00\x00\x03" +
		"\x00\x00\x00\x00\x00\x00\x00\x00\x00\x00\x00\x00\x00\x00\x20\x18" +
		"\x00\x00\x00\x00\x00\x00\x00\xb8\x00\x00\x00\x00\x00\x00\x00\x00" +
		"\x00\x00\x00\x00\x00\x00\x00\x08\x00\x00\x00\x00\x00\x00\x00\x00" +
		"\x00\x00\x01\xb8\x00\x00\x00\x01\x00\x00\x00\x00\x00\x00\x00\x03" +
		"\x00\x00\x00\x00\x00\x00\x00\x00\x00\x00\x00\x00\x00\x00\x20\xd0" +
		"\x00\x00\x00\x00\x00\x00\x00\x04\x00\x00\x00\x00\x00\x00\x00\x00" +
		"\x00\x00\x00\x00\x00\x00\x00\x01\x00\x00\x00\x00\x00\x00\x00\x00" +
		"\x00\x00\x00\x32\x00\x00\x00\x01\x00\x00\x00\x00\x00\x00\x00\x00" +
		"\x00\x00\x00\x00\x00\x00\x00\x00\x00\x00\x00\x00\x00\x00\x20\xd4" +
		"\x00\x00\x00\x00\x00\x00\x0b\xf3\x00\x00\x00\x00\x00\x00\x00\x00" +
		"\x00\x00\x00\x00\x00\x00\x00\x01\x00\x00\x00\x00\x00\x00\x00\x00" +
		"\x00\x00\x00\x01\x00\x00\x00\x01\x00\x00\x00\x00\x00\x00\x00\x00" +
		"\x00\x00\x00\x00\x00\x00\x00\x00\x00\x00\x00\x00\x00\x00\x2c\xc7" +
		"\x00\x00\x00\x00\x00\x00\x02\x16\x00\x00\x00\x00\x00\x00\x00\x00" +
		"\x00\x00\x00\x00\x00\x00\x00\x01\x00\x00\x00\x00\x00\x00\x00\x00" +
		"\x00\x00\x01\x27\x00\x00\x00\x01\x00\x00\x00\x00\x00\x00\x00\x00" +
		"\x00\x00\x00\x00\x00\x00\x00\x00\x00\x00\x00\x00\x00\x00\x2e\xdd" +
		"\x00\x00\x00\x00\x00\x00\x0c\xd1\x00\x00\x00\x00\x00\x00\x00\x00" +
		"\x00\x00\x00\x00\x00\x00\x00\x01\x00\x00\x00\x00\x00\x00\x00\x00" +
		"\x00\x00\x01\x23\x00\x00\x00\x09\x00\x00\x00\x00\x00\x00\x00\x40" +
		"\x00\x00\x00\x00\x00\x00\x00\x00\x00\x00\x00\x00\x00\x00\x8d\xa0" +
		"\x00\x00\x00\x00\x00\x00\x00\x60\x00\x00\x00\x21\x00\x00\x00\x0f" +
		"\x00\x00\x00\x00\x00\x00\x00\x08\x00\x00\x00\x00\x00\x00\x00\x10" +
		"\x00\x00\x00\x22\x00\x00\x00\x01\x00\x00\x00\x00\x00\x00\x00\x00" +
		"\x00\x00\x00\x00\x00\x00\x00\x00\x00\x00\x00\x00\x00\x00\x3b\xae" +
		"\x00\x00\x00\x00\x00\x00\x01\xe2\x00\x00\x00\x00\x00\x00\x00\x00" +
		"\x00\x00\x00\x00\x00\x00\x00\x01\x00\x00\x00\x00\x00\x00\x00\x00" +
		"\x00\x00\x00\x52\x00\x00\x00\x01\x00\x00\x00\x00\x00\x00\x00\x00" +
		"\x00\x00\x00\x00\x00\x00\x00\x00\x00\x00\x00\x00\x00\x00\x3d\x90" +
		"\x00\x00\x00\x00\x00\x00\x01\xb4\x00\x00\x00\x00\x00\x00\x00\x00" +
		"\x00\x00\x00\x00\x00\x00\x00\x01\x00\x00\x00\x00\x00\x00\x00\x00" +
		"\x00\x00\x00\x4e\x00\x00\x00\x09\x00\x00\x00\x00\x00\x00\x00\x40" +
		"\x00\x00\x00\x00\x00\x00\x00\x00\x00\x00\x00\x00\x00\x00\x8e\x00" +
		"\x00\x00\x00\x00\x00\x00\x06\xb0\x00\x00\x00\x21\x00\x00\x00\x12" +
		"\x00\x00\x00\x00\x00\x00\x00\x08\x00\x00\x00\x00\x00\x00\x00\x10" +
		"\x00\x00\x00\xc6\x00\x00\x00\x01\x00\x00\x00\x00\x00\x00\x00\x30" +
		"\x00\x00\x00\x00\x00\x00\x00\x00\x00\x00\x00\x00\x00\x00\x3f\x44" +
		"\x00\x00\x00\x00\x00\x00\x04\x3a\x00\x00\x00\x00\x00\x00\x00\x00" +
		"\x00\x00\x00\x00\x00\x00\x00\x01\x00\x00\x00\x00\x00\x00\x00\x01" +
		"\x00\x00\x00\xe5\x00\x00\x00\x01\x00\x00\x00\x00\x00\x00\x00\x00" +
		"\x00\x00\x00\x00\x00\x00\x00\x00\x00\x00\x00\x00\x00\x00\x43\x7e" +
		"\x00\x00\x00\x00\x00\x00\x00\xc0\x00\x00\x00\x00\x00\x00\x00\x00" +
		"\x00\x00\x00\x00\x00\x00\x00\x01\x00\x00\x00\x00\x00\x00\x00\x00" +
		"\x00\x00\x00\xe1\x00\x00\x00\x09\x00\x00\x00\x00\x00\x00\x00\x40" +
		"\x00\x00\x00\x00\x00\x00\x00\x00\x00\x00\x00\x00\x00\x00\x94\xb0" +
		"\x00\x00\x00\x00\x00\x00\x01\x70\x00\x00\x00\x21\x00\x00\x00\x15" +
		"\x00\x00\x00\x00\x00\x00\x00\x08\x00\x00\x00\x00\x00\x00\x00\x10" +
		"\x00\x00\x01\xfe\x00\x00\x00\x01\x00\x00\x00\x00\x00\x00\x00\x00" +
		"\x00\x00\x00\x00\x00\x00\x00\x00\x00\x00\x00\x00\x00\x00\x44\x40" +
		"\x00\x00\x00\x00\x00\x00\x16\xd6\x00\x00\x00\x00\x00\x00\x00\x00" +
		"\x00\x00\x00\x00\x00\x00\x00\x04\x00\x00\x00\x00\x00\x00\x00\x00" +
		"\x00\x00\x01\xfa\x00\x00\x00\x09\x00\x00\x00\x00\x00\x00\x00\x40" +
		"\x00\x00\x00\x00\x00\x00\x00\x00\x00\x00\x00\x00\x00\x00\x96\x20" +
		"\x00\x00\x00\x00\x00\x00\x00\x70\x00\x00\x00\x21\x00\x00\x00\x17" +
		"\x00\x00\x00\x00\x00\x00\x00\x08\x00\x00\x00\x00\x00\x00\x00\x10" +
		"\x00\x00\x00\x19\x00\x00\x00\x01\x00\x00\x00\x00\x00\x00\x00\x00" +
		"\x00\x00\x00\x00\x00\x00\x00\x00\x00\x00\x00\x00\x00\x00\x5b\x18" +
		"\x00\x00\x00\x00\x00\x00\x1b\xa8\x00\x00\x00\x00\x00\x00\x00\x00" +
		"\x00\x00\x00\x00\x00\x00\x00\x04\x00\x00\x00\x00\x00\x00\x00\x00" +
		"\x00\x00\x00\x15\x00\x00\x00\x09\x00\x00\x00\x00\x00\x00\x00\x40" +
		"\x00\x00\x00\x00\x00\x00\x00\x00\x00\x00\x00\x00\x00\x00\x96\x90" +
		"\x00\x00\x00\x00\x00\x00\x1b\x60\x00\x00\x00\x21\x00\x00\x00\x19" +
		"\x00\x00\x00\x00\x00\x00\x00\x08\x00\x00\x00\x00\x00\x00\x00\x10" +
		"\x00\x00\x01\xd4\x00\x00\x00\x01\x00\x00\x00\x00\x00\x00\x00\x00" +
		"\x00\x00\x00\x00\x00\x00\x00\x00\x00\x00\x00\x00\x00\x00\x76\xc0" +
		"\x00\x00\x00\x00\x00\x00\x00\x70\x00\x00\x00\x00\x00\x00\x00\x00" +
		"\x00\x00\x00\x00\x00\x00\x00\x08\x00\x00\x00\x00\x00\x00\x00\x00" +
		"\x00\x00\x01\xd0\x00\x00\x00\x09\x00\x00\x00\x00\x00\x00\x00\x40" +
		"\x00\x00\x00\x00\x00\x00\x00\x00\x00\x00\x00\x00\x00\x00\xb1\xf0" +
		"\x00\x00\x00\x00\x00\x00\x00\x80\x00\x00\x00\x21\x00\x00\x00\x1b" +
		"\x00\x00\x00\x00\x00\x00\x00\x08\x00\x00\x00\x00\x00\x00\x00\x10" +
		"\x00\x00\x01\xc4\x00\x00\x00\x01\x00\x00\x00\x00\x00\x00\x00\x00" +
		"\x00\x00\x00\x00\x00\x00\x00\x00\x00\x00\x00\x00\x00\x00\x77\x30" +
		"\x00\x00\x00\x00\x00\x00\x0a\x06\x00\x00\x00\x00\x00\x00\x00\x00" +
		"\x00\x00\x00\x00\x00\x00\x00\x01\x00\x00\x00\x00\x00\x00\x00\x00" +
		"\x00\x00\x01\xc0\x00\x00\x00\x09\x00\x00\x00\x00\x00\x00\x00\x40" +
		"\x00\x00\x00\x00\x00\x00\x00\x00\x00\x00\x00\x00\x00\x00\xb2\x70" +
		"\x00\x00\x00\x00\x00\x00\x00\x60\x00\x00\x00\x21\x00\x00\x00\x1d" +
		"\x00\x00\x00\x00\x00\x00\x00\x08\x00\x00\x00\x00\x00\x00\x00\x10" +
		"\x00\x00\x00\xd1\x00\x00\x00\x01\x00\x00\x00\x00\x00\x00\x00\x30" +
		"\x00\x00\x00\x00\x00\x00\x00\x00\x00\x00\x00\x00\x00\x00\x81\x36" +
		"\x00\x00\x00\x00\x00\x00\x00\x15\x00\x00\x00\x00\x00\x00\x00\x00" +
		"\x00\x00\x00\x00\x00\x00\x00\x01\x00\x00\x00\x00\x00\x00\x00\x01" +
		"\x00\x00\x01\x33\x6f\xff\x4c\x03\x00\x00\x00\x00\x80\x00\x00\x00" +
		"\x00\x00\x00\x00\x00\x00\x00\x00\x00\x00\x00\x00\x00\x00\xb2\xd0" +
		"\x00\x00\x00\x00\x00\x00\x00\x0b\x00\x00\x00\x21\x00\x00\x00\x00" +
		"\x00\x00\x00\x00\x00\x00\x00\x01\x00\x00\x00\x00\x00\x00\x00\x00" +
		"\x00\x00\x01\xf2\x00\x00\x00\x02\x00\x00\x00\x00\x00\x00\x00\x00" +
		"\x00\x00\x00\x00\x00\x00\x00\x00\x00\x00\x00\x00\x00\x00\x81\x50" +
		"\x00\x00\x00\x00\x00\x00\x0a\x50\x00\x00\x00\x01\x00\x00\x00\x63" +
		"\x00\x00\x00\x00\x00\x00\x00\x08\x00\x00\x00\x00\x00\x00\x00\x18" +
		"",
)
